opportunity_id,client_id,product_id,rm_id,created_date,expected_close_date,opportunity_amount,source_channel,expected_fee,stage,status,actual_close_date
OPP-00001,CL-0133,PR-002,RM-022,2025-11-21,2026-05-29,987090,Inbound,7544.91,Prospecting,Open,
OPP-00002,CL-0075,PR-006,RM-021,2025-11-08,2026-05-03,9553173,Referral,131806.21,Commitment,Open,
OPP-00003,CL-0146,PR-001,RM-022,2026-01-09,2026-06-26,4085598,Inbound,73046.94,Qualification,Open,
OPP-00004,CL-0076,PR-004,RM-009,2025-11-26,2026-03-03,5232042,Inbound,66023.33,Qualification,Open,
OPP-00005,CL-0009,PR-005,RM-009,2026-02-12,2026-03-28,1302425,Event,7933.47,Proposal,Open,
OPP-00006,CL-0074,PR-001,RM-015,2025-10-19,2026-03-27,6553816,Relationship Coverage,111344.24,Negotiation,Open,
OPP-00007,CL-0145,PR-006,RM-010,2026-01-25,2026-05-10,1027567,Inbound,23683.43,Prospecting,Open,
OPP-00008,CL-0007,PR-001,RM-024,2025-12-24,2026-04-05,2966207,Product Partner,37564.96,Proposal,Open,
OPP-00009,CL-0141,PR-003,RM-025,2025-11-28,2026-04-05,6802901,Relationship Coverage,63448.31,Prospecting,Open,
OPP-00010,CL-0137,PR-005,RM-010,2025-11-24,2026-05-07,1999736,Referral,27699.44,Prospecting,Open,
OPP-00011,CL-0027,PR-006,RM-008,2026-01-06,2026-04-20,6971635,Event,41601.52,Prospecting,Open,
OPP-00012,CL-0122,PR-006,RM-024,2026-01-18,2026-03-27,301707,Referral,6459.47,Commitment,Open,
OPP-00013,CL-0005,PR-002,RM-016,2026-03-08,2026-06-10,8919441,Referral,192007.17,Prospecting,Open,
OPP-00014,CL-0029,PR-004,RM-017,2026-02-16,2026-03-18,9727571,Relationship Coverage,163034.18,Prospecting,Open,
OPP-00015,CL-0083,PR-002,RM-005,2026-02-08,2026-02-21,6354128,Referral,76643.86,Proposal,Open,
OPP-00016,CL-0136,PR-006,RM-004,2026-02-25,2026-03-22,2127145,Inbound,44660.83,Commitment,Open,
OPP-00017,CL-0109,PR-005,RM-018,2025-12-26,2026-03-24,9473482,Referral,152463.76,Qualification,Open,
OPP-00018,CL-0065,PR-001,RM-024,2026-03-15,2026-01-27,9528101,Event,205031.83,Proposal,Open,
OPP-00019,CL-0086,PR-001,RM-019,2026-01-05,2026-02-14,6937666,Event,122305.33,Prospecting,Open,
OPP-00020,CL-0145,PR-005,RM-004,2025-11-10,2026-05-08,1028799,Product Partner,21283.91,Proposal,Open,
OPP-00021,CL-0071,PR-006,RM-007,2025-11-25,2026-02-05,7329701,Event,124394.26,Proposal,Open,
OPP-00022,CL-0045,PR-001,RM-010,2025-10-03,2026-04-17,1129459,Referral,15002.4,Proposal,Open,
OPP-00023,CL-0132,PR-001,RM-025,2025-11-20,2026-03-22,8499953,Event,205349.66,Qualification,Open,
OPP-00024,CL-0036,PR-001,RM-018,2026-01-30,2026-03-09,2072744,Relationship Coverage,32795.53,Qualification,Open,
OPP-00025,CL-0070,PR-004,RM-019,2025-10-31,2026-06-01,8417707,Event,143957.86,Prospecting,Open,
OPP-00026,CL-0019,PR-004,RM-004,2025-10-31,2026-02-25,4093139,Inbound,38515.43,Qualification,Open,
OPP-00027,CL-0108,PR-003,RM-010,2025-12-07,2026-03-19,4697395,Relationship Coverage,82265.55,Prospecting,Open,
OPP-00028,CL-0091,PR-002,RM-001,2025-09-28,2026-05-20,9490658,Product Partner,155951.94,Negotiation,Open,
OPP-00029,CL-0090,PR-005,RM-023,2026-03-05,2026-02-04,2611216,Inbound,22709.14,Closed Lost,Closed Lost,1768780800000000000
OPP-00030,CL-0019,PR-005,RM-018,2025-10-13,2026-06-15,7696153,Referral,47652.59,Closed Lost,Closed Lost,1767571200000000000
OPP-00031,CL-0039,PR-005,RM-005,2026-02-16,2026-02-18,2817587,Referral,48144.63,Commitment,Open,
OPP-00032,CL-0126,PR-003,RM-015,2026-02-14,2026-02-13,514237,Referral,10425.56,Negotiation,Open,
OPP-00033,CL-0141,PR-004,RM-017,2025-11-25,2026-03-12,4719353,Inbound,72999.08,Negotiation,Open,
OPP-00034,CL-0126,PR-006,RM-003,2026-02-24,2026-03-02,5090351,Inbound,48538.8,Qualification,Open,
OPP-00035,CL-0058,PR-006,RM-012,2025-09-17,2026-06-26,2764719,Inbound,50678.51,Negotiation,Open,
OPP-00036,CL-0148,PR-003,RM-002,2025-12-07,2026-02-02,2158911,Relationship Coverage,14253.38,Proposal,Open,
OPP-00037,CL-0061,PR-006,RM-001,2025-12-07,2026-05-08,4252981,Relationship Coverage,58847.11,Proposal,Open,
OPP-00038,CL-0127,PR-005,RM-023,2025-11-04,2026-01-22,1669920,Referral,13805.79,Negotiation,Open,
OPP-00039,CL-0105,PR-002,RM-021,2025-11-13,2026-02-09,8610777,Event,74820.6,Qualification,Open,
OPP-00040,CL-0001,PR-001,RM-017,2025-11-24,2026-05-07,2429441,Referral,21976.43,Qualification,Open,
OPP-00041,CL-0131,PR-004,RM-022,2025-09-05,2026-03-26,2987946,Product Partner,38048.93,Closed Won,Closed Won,1774310400000000000
OPP-00042,CL-0092,PR-004,RM-016,2025-09-02,2026-02-13,9999844,Relationship Coverage,60229.1,Prospecting,Open,
OPP-00043,CL-0113,PR-003,RM-005,2025-09-22,2026-05-29,2338062,Inbound,30291.62,Proposal,Open,
OPP-00044,CL-0056,PR-004,RM-015,2025-12-21,2026-03-22,2084907,Relationship Coverage,31761.78,Closed Won,Closed Won,1769644800000000000
OPP-00045,CL-0117,PR-005,RM-003,2025-10-27,2026-03-20,8602110,Inbound,126157.56,Negotiation,Open,
OPP-00046,CL-0134,PR-006,RM-007,2025-11-05,2026-02-19,4111774,Product Partner,52037.3,Proposal,Open,
OPP-00047,CL-0058,PR-005,RM-011,2025-11-13,2026-02-08,3883795,Product Partner,84600.44,Qualification,Open,
OPP-00048,CL-0044,PR-003,RM-010,2025-12-07,2026-02-20,3727084,Relationship Coverage,29468.32,Qualification,Open,
OPP-00049,CL-0061,PR-005,RM-009,2026-01-22,2026-01-15,4577802,Inbound,69188.6,Commitment,Open,
OPP-00050,CL-0047,PR-006,RM-014,2025-12-21,2026-06-06,3649752,Product Partner,22777.48,Proposal,Open,
OPP-00051,CL-0149,PR-002,RM-013,2026-02-26,2026-02-20,4050986,Referral,26019.94,Proposal,Open,
OPP-00052,CL-0080,PR-003,RM-025,2026-01-03,2026-06-04,5582889,Referral,91991.03,Prospecting,Open,
OPP-00053,CL-0118,PR-002,RM-025,2026-02-14,2026-05-30,973858,Inbound,15893.72,Prospecting,Open,
OPP-00054,CL-0147,PR-001,RM-002,2025-11-25,2026-05-27,294816,Relationship Coverage,6651.25,Closed Lost,Closed Lost,1769385600000000000
OPP-00055,CL-0020,PR-002,RM-003,2025-11-15,2026-05-22,254138,Product Partner,4106.23,Qualification,Open,
OPP-00056,CL-0146,PR-001,RM-007,2025-11-27,2026-05-21,4413960,Relationship Coverage,106799.38,Negotiation,Open,
OPP-00057,CL-0047,PR-001,RM-021,2026-02-15,2026-01-15,7331905,Referral,43800.05,Prospecting,Open,
OPP-00058,CL-0049,PR-002,RM-018,2025-10-08,2026-06-27,4114044,Product Partner,28634.38,Negotiation,Open,
OPP-00059,CL-0014,PR-003,RM-003,2026-03-07,2026-02-18,6897463,Relationship Coverage,40566.17,Closed Won,Closed Won,1771372800000000000
OPP-00060,CL-0143,PR-006,RM-010,2025-10-29,2026-04-28,7338166,Event,63882.68,Proposal,Open,
OPP-00061,CL-0001,PR-005,RM-022,2026-01-16,2026-02-06,471552,Inbound,7462.5,Prospecting,Open,
OPP-00062,CL-0117,PR-005,RM-007,2025-12-08,2026-01-23,8682372,Inbound,155513.82,Proposal,Open,
OPP-00063,CL-0054,PR-006,RM-009,2026-03-11,2026-02-17,2147951,Event,12698.05,Negotiation,Open,
OPP-00064,CL-0118,PR-001,RM-017,2025-11-02,2026-05-22,6112835,Referral,146215.45,Proposal,Open,
OPP-00065,CL-0003,PR-001,RM-011,2025-10-19,2026-01-18,8955070,Product Partner,195608.35,Commitment,Open,
OPP-00066,CL-0144,PR-003,RM-007,2026-03-11,2026-06-21,9528463,Inbound,104167.54,Negotiation,Open,
OPP-00067,CL-0012,PR-004,RM-024,2025-10-02,2026-04-26,2407280,Event,15752.64,Closed Won,Closed Won,1769126400000000000
OPP-00068,CL-0074,PR-002,RM-014,2026-01-13,2026-03-30,1058301,Event,8887.34,Negotiation,Open,
OPP-00069,CL-0016,PR-001,RM-019,2025-09-21,2026-04-23,5726420,Referral,43170.84,Prospecting,Open,
OPP-00070,CL-0102,PR-005,RM-004,2025-09-20,2026-03-27,6546495,Referral,48874.01,Qualification,Open,
OPP-00071,CL-0117,PR-003,RM-006,2026-02-01,2026-01-17,4596657,Relationship Coverage,70656.29,Qualification,Open,
OPP-00072,CL-0008,PR-002,RM-010,2026-01-05,2026-06-05,362935,Inbound,3599.21,Closed Won,Closed Won,1773792000000000000
OPP-00073,CL-0122,PR-003,RM-007,2025-11-07,2026-02-17,8450252,Relationship Coverage,102778.68,Negotiation,Open,
OPP-00074,CL-0092,PR-002,RM-013,2025-12-19,2026-02-28,9976914,Event,247328.76,Negotiation,Open,
OPP-00075,CL-0090,PR-002,RM-014,2025-12-25,2026-03-16,2400205,Product Partner,44850.91,Qualification,Open,
OPP-00076,CL-0136,PR-006,RM-004,2026-01-21,2026-04-07,5674441,Product Partner,136070.9,Qualification,Open,
OPP-00077,CL-0060,PR-001,RM-008,2025-12-29,2026-05-17,4530650,Referral,35570.73,Negotiation,Open,
OPP-00078,CL-0028,PR-003,RM-005,2025-11-18,2026-04-26,4773535,Product Partner,60350.8,Proposal,Open,
OPP-00079,CL-0101,PR-003,RM-001,2025-12-25,2026-01-30,5002989,Product Partner,80521.29,Qualification,Open,
OPP-00080,CL-0041,PR-006,RM-004,2025-12-01,2026-03-21,4560518,Product Partner,29803.72,Negotiation,Open,
OPP-00081,CL-0145,PR-005,RM-003,2025-09-14,2026-06-08,9491937,Event,48254.62,Prospecting,Open,
OPP-00082,CL-0141,PR-005,RM-009,2026-02-02,2026-05-13,1980085,Product Partner,36450.76,Qualification,Open,
OPP-00083,CL-0046,PR-001,RM-008,2026-01-03,2026-06-25,2276110,Product Partner,40597.59,Proposal,Open,
OPP-00084,CL-0035,PR-001,RM-001,2026-02-15,2026-05-18,5891379,Product Partner,77859.15,Prospecting,Open,
OPP-00085,CL-0134,PR-004,RM-006,2025-10-28,2026-06-07,9075150,Relationship Coverage,134247.62,Closed Lost,Closed Lost,1768694400000000000
OPP-00086,CL-0082,PR-006,RM-009,2025-09-28,2026-04-26,5769948,Event,76791.43,Qualification,Open,
OPP-00087,CL-0115,PR-005,RM-007,2025-09-26,2026-03-21,7178887,Referral,39341.03,Prospecting,Open,
OPP-00088,CL-0047,PR-002,RM-004,2025-12-22,2026-01-27,4816701,Relationship Coverage,56391.2,Qualification,Open,
OPP-00089,CL-0010,PR-003,RM-013,2026-03-10,2026-05-05,8377333,Inbound,71556.21,Negotiation,Open,
OPP-00090,CL-0056,PR-001,RM-017,2025-11-05,2026-06-22,3230672,Event,22512.89,Proposal,Open,
OPP-00091,CL-0030,PR-003,RM-002,2026-01-31,2026-02-17,8486781,Event,204823.44,Proposal,Open,
OPP-00092,CL-0109,PR-003,RM-005,2026-01-09,2026-02-22,9065282,Inbound,153993.71,Prospecting,Open,
OPP-00093,CL-0005,PR-004,RM-012,2025-10-14,2026-05-30,5452413,Inbound,106720.76,Prospecting,Open,
OPP-00094,CL-0119,PR-005,RM-021,2025-12-06,2026-05-14,332409,Inbound,3758.64,Proposal,Open,
OPP-00095,CL-0033,PR-001,RM-008,2025-10-12,2026-05-20,7613280,Referral,97929.18,Commitment,Open,
OPP-00096,CL-0118,PR-003,RM-006,2025-09-06,2026-03-10,7016886,Product Partner,68333.8,Closed Won,Closed Won,1769040000000000000
OPP-00097,CL-0065,PR-001,RM-008,2026-02-14,2026-02-10,8462411,Event,58723.32,Prospecting,Open,
OPP-00098,CL-0146,PR-002,RM-018,2026-02-27,2026-05-12,5667755,Product Partner,48632.92,Proposal,Open,
OPP-00099,CL-0011,PR-004,RM-003,2025-09-23,2026-03-08,5381104,Product Partner,112735.64,Closed Won,Closed Won,1770508800000000000
OPP-00100,CL-0085,PR-002,RM-022,2025-11-28,2026-02-22,3749701,Inbound,69560.39,Proposal,Open,
OPP-00101,CL-0026,PR-001,RM-012,2026-01-01,2026-03-20,2177716,Referral,34709.7,Commitment,Open,
OPP-00102,CL-0063,PR-001,RM-003,2026-02-25,2026-06-08,9831111,Relationship Coverage,142568.78,Prospecting,Open,
OPP-00103,CL-0086,PR-005,RM-022,2026-02-18,2026-06-21,9772362,Referral,229149.04,Closed Won,Closed Won,1771545600000000000
OPP-00104,CL-0059,PR-003,RM-006,2026-01-25,2026-01-27,5491684,Product Partner,35447.17,Negotiation,Open,
OPP-00105,CL-0027,PR-003,RM-002,2025-10-21,2026-02-04,5331857,Referral,56581.75,Closed Won,Closed Won,1771286400000000000
OPP-00106,CL-0098,PR-002,RM-023,2025-09-11,2026-06-10,6009420,Inbound,72105.57,Negotiation,Open,
OPP-00107,CL-0105,PR-004,RM-012,2025-09-12,2026-03-08,5556490,Relationship Coverage,114733.27,Qualification,Open,
OPP-00108,CL-0099,PR-006,RM-002,2025-11-13,2026-02-02,7172981,Inbound,178250.68,Closed Won,Closed Won,1774828800000000000
OPP-00109,CL-0129,PR-003,RM-006,2025-09-08,2026-03-12,8067209,Relationship Coverage,79166.83,Qualification,Open,
OPP-00110,CL-0149,PR-005,RM-017,2026-01-30,2026-02-08,5143091,Product Partner,115648.3,Qualification,Open,
OPP-00111,CL-0055,PR-002,RM-003,2025-10-11,2026-02-14,4050315,Relationship Coverage,87537.25,Negotiation,Open,
OPP-00112,CL-0006,PR-002,RM-002,2026-02-11,2026-04-05,6719723,Relationship Coverage,63791.32,Negotiation,Open,
OPP-00113,CL-0095,PR-006,RM-023,2025-11-24,2026-02-06,6352545,Relationship Coverage,82498.29,Closed Won,Closed Won,1767916800000000000
OPP-00114,CL-0133,PR-005,RM-020,2025-11-11,2026-02-15,2502641,Referral,33018.49,Qualification,Open,
OPP-00115,CL-0102,PR-004,RM-008,2025-10-25,2026-03-29,594126,Referral,14594.36,Commitment,Open,
OPP-00116,CL-0003,PR-005,RM-022,2026-01-15,2026-01-24,5357385,Product Partner,46169.08,Negotiation,Open,
OPP-00117,CL-0023,PR-004,RM-012,2025-10-17,2026-03-09,8324444,Relationship Coverage,174673.14,Prospecting,Open,
OPP-00118,CL-0053,PR-005,RM-004,2026-01-21,2026-03-07,1387411,Event,16210.31,Proposal,Open,
OPP-00119,CL-0083,PR-005,RM-005,2026-02-23,2026-06-11,1920357,Product Partner,37672.42,Qualification,Open,
OPP-00120,CL-0145,PR-001,RM-013,2025-12-13,2026-06-23,6189334,Relationship Coverage,82938.44,Qualification,Open,
OPP-00121,CL-0085,PR-002,RM-015,2025-10-12,2026-05-08,6643404,Relationship Coverage,110062.57,Closed Lost,Closed Lost,1770076800000000000
OPP-00122,CL-0078,PR-005,RM-025,2025-10-30,2026-01-28,3580922,Referral,77534.97,Negotiation,Open,
OPP-00123,CL-0110,PR-006,RM-023,2025-09-12,2026-06-19,4405479,Product Partner,92882.09,Negotiation,Open,
OPP-00124,CL-0001,PR-005,RM-016,2026-01-08,2026-05-04,5959635,Relationship Coverage,133069.49,Closed Lost,Closed Lost,1772236800000000000
OPP-00125,CL-0051,PR-003,RM-010,2025-09-07,2026-03-08,8936594,Relationship Coverage,55338.49,Qualification,Open,
OPP-00126,CL-0004,PR-002,RM-025,2025-11-19,2026-06-15,9492213,Product Partner,178842.89,Commitment,Open,
OPP-00127,CL-0113,PR-003,RM-023,2026-01-09,2026-04-03,1565823,Event,12213.02,Proposal,Open,
OPP-00128,CL-0032,PR-002,RM-016,2025-12-18,2026-02-05,3683372,Product Partner,49049.15,Commitment,Open,
OPP-00129,CL-0034,PR-003,RM-012,2025-09-03,2026-02-13,1020692,Product Partner,16302.26,Qualification,Open,
OPP-00130,CL-0092,PR-005,RM-017,2025-09-27,2026-01-18,6117504,Event,79862.73,Closed Won,Closed Won,1774224000000000000
OPP-00131,CL-0095,PR-005,RM-016,2025-12-23,2026-03-14,9067353,Product Partner,139566.81,Qualification,Open,
OPP-00132,CL-0072,PR-001,RM-012,2025-12-16,2026-01-22,5082091,Relationship Coverage,126699.2,Qualification,Open,
OPP-00133,CL-0039,PR-006,RM-008,2025-10-10,2026-01-26,923812,Product Partner,7117.37,Negotiation,Open,
OPP-00134,CL-0118,PR-003,RM-020,2026-02-08,2026-05-13,3182977,Event,58914.11,Proposal,Open,
OPP-00135,CL-0003,PR-004,RM-003,2026-01-07,2026-06-22,8047698,Inbound,103976.41,Negotiation,Open,
OPP-00136,CL-0123,PR-001,RM-016,2025-09-08,2026-02-17,7232252,Product Partner,55400.47,Proposal,Open,
OPP-00137,CL-0050,PR-003,RM-013,2025-12-10,2026-04-06,9996734,Referral,81720.65,Negotiation,Open,
OPP-00138,CL-0012,PR-003,RM-023,2026-02-07,2026-04-22,6866659,Relationship Coverage,164699.99,Qualification,Open,
OPP-00139,CL-0054,PR-001,RM-019,2026-01-02,2026-05-21,4067042,Relationship Coverage,91882.73,Prospecting,Open,
OPP-00140,CL-0133,PR-005,RM-008,2026-02-23,2026-03-30,4789170,Referral,110825.41,Qualification,Open,
OPP-00141,CL-0057,PR-003,RM-022,2025-12-16,2026-04-29,5219411,Referral,129601.4,Proposal,Open,
OPP-00142,CL-0145,PR-005,RM-005,2025-12-10,2026-03-04,786644,Product Partner,7210.62,Prospecting,Open,
OPP-00143,CL-0112,PR-001,RM-020,2025-09-04,2026-04-03,902416,Referral,10927.16,Qualification,Open,
OPP-00144,CL-0047,PR-005,RM-008,2025-12-19,2026-04-17,5460307,Inbound,100384.36,Proposal,Open,
OPP-00145,CL-0085,PR-002,RM-024,2025-09-19,2026-06-17,8411562,Event,123448.51,Prospecting,Open,
OPP-00146,CL-0142,PR-004,RM-012,2025-10-02,2026-02-01,1957542,Referral,26168.01,Proposal,Open,
OPP-00147,CL-0066,PR-003,RM-001,2026-01-15,2026-04-20,4441896,Referral,53996.69,Closed Won,Closed Won,1771027200000000000
OPP-00148,CL-0075,PR-006,RM-025,2025-09-12,2026-02-21,6336932,Inbound,106939.61,Prospecting,Open,
OPP-00149,CL-0103,PR-004,RM-021,2026-01-17,2026-04-11,1724620,Relationship Coverage,28476.7,Proposal,Open,
OPP-00150,CL-0038,PR-005,RM-020,2025-10-16,2026-04-12,9813454,Relationship Coverage,80756.45,Negotiation,Open,
OPP-00151,CL-0050,PR-003,RM-006,2025-12-28,2026-03-05,2099395,Product Partner,30304.34,Proposal,Open,
OPP-00152,CL-0098,PR-005,RM-022,2025-09-16,2026-01-22,6873063,Inbound,110446.24,Negotiation,Open,
OPP-00153,CL-0082,PR-002,RM-018,2026-01-07,2026-05-28,1239336,Event,20332.22,Proposal,Open,
OPP-00154,CL-0030,PR-001,RM-008,2025-11-02,2026-03-24,5474237,Event,50374.72,Proposal,Open,
OPP-00155,CL-0079,PR-003,RM-007,2025-12-18,2026-05-15,3388102,Inbound,67238.33,Prospecting,Open,
OPP-00156,CL-0091,PR-002,RM-001,2025-12-28,2026-03-19,5410324,Event,29778.33,Negotiation,Open,
OPP-00157,CL-0052,PR-002,RM-021,2025-09-21,2026-06-20,7671289,Relationship Coverage,92796.8,Negotiation,Open,
OPP-00158,CL-0079,PR-003,RM-016,2026-02-05,2026-06-19,8700361,Event,179264.44,Prospecting,Open,
OPP-00159,CL-0030,PR-005,RM-012,2025-09-13,2026-06-02,5897183,Event,95993.51,Qualification,Open,
OPP-00160,CL-0106,PR-006,RM-006,2026-02-09,2026-05-15,5916912,Inbound,60490.06,Closed Lost,Closed Lost,1770854400000000000
OPP-00161,CL-0051,PR-002,RM-020,2025-09-04,2026-03-20,9710592,Inbound,183521.08,Proposal,Open,
OPP-00162,CL-0081,PR-004,RM-002,2026-02-03,2026-05-01,4568420,Event,74683.7,Proposal,Open,
OPP-00163,CL-0133,PR-002,RM-014,2025-12-11,2026-06-10,5467084,Referral,114398.03,Closed Won,Closed Won,1771372800000000000
OPP-00164,CL-0029,PR-006,RM-004,2025-10-29,2026-05-31,9294104,Inbound,183098.53,Negotiation,Open,
OPP-00165,CL-0132,PR-005,RM-001,2026-01-06,2026-06-18,3455228,Product Partner,59437.38,Proposal,Open,
OPP-00166,CL-0138,PR-005,RM-023,2025-09-27,2026-06-25,5549238,Product Partner,81926.47,Commitment,Open,
OPP-00167,CL-0145,PR-004,RM-018,2025-11-08,2026-04-24,9132600,Relationship Coverage,69988.98,Commitment,Open,
OPP-00168,CL-0074,PR-002,RM-013,2025-09-25,2026-04-06,6764948,Event,69182.83,Proposal,Open,
OPP-00169,CL-0017,PR-005,RM-002,2026-01-09,2026-06-06,5230137,Referral,69989.64,Proposal,Open,
OPP-00170,CL-0084,PR-006,RM-009,2025-12-06,2026-03-06,6967526,Relationship Coverage,118350.3,Proposal,Open,
OPP-00171,CL-0069,PR-003,RM-021,2026-03-15,2026-06-04,8714848,Event,133111.96,Closed Lost,Closed Lost,1770422400000000000
OPP-00172,CL-0034,PR-001,RM-002,2025-09-25,2026-04-07,4679899,Inbound,50372.98,Negotiation,Open,
OPP-00173,CL-0006,PR-001,RM-025,2026-01-26,2026-05-06,4141151,Product Partner,21241.15,Prospecting,Open,
OPP-00174,CL-0053,PR-001,RM-009,2026-02-09,2026-03-11,9965650,Referral,148735.18,Commitment,Open,
OPP-00175,CL-0126,PR-002,RM-001,2026-02-01,2026-06-28,2198061,Product Partner,23546.77,Proposal,Open,
OPP-00176,CL-0043,PR-004,RM-011,2026-01-04,2026-06-08,7597000,Inbound,149601.39,Prospecting,Open,
OPP-00177,CL-0115,PR-005,RM-003,2026-01-11,2026-06-20,6831118,Event,37427.19,Proposal,Open,
OPP-00178,CL-0111,PR-003,RM-020,2026-03-08,2026-06-24,5282661,Inbound,88202.25,Proposal,Open,
OPP-00179,CL-0080,PR-006,RM-023,2025-09-09,2026-03-15,1148332,Inbound,27364.16,Commitment,Open,
OPP-00180,CL-0095,PR-003,RM-004,2025-12-25,2026-05-14,9518462,Product Partner,80794.47,Qualification,Open,
OPP-00181,CL-0118,PR-006,RM-018,2026-02-25,2026-06-01,7853876,Referral,113354.91,Commitment,Open,
OPP-00182,CL-0144,PR-002,RM-023,2026-01-12,2026-02-06,4275942,Inbound,29198.01,Proposal,Open,
OPP-00183,CL-0008,PR-001,RM-006,2025-10-30,2026-06-12,8801795,Product Partner,154151.45,Prospecting,Open,
OPP-00184,CL-0132,PR-002,RM-003,2026-02-19,2026-01-27,4953855,Referral,79314.36,Closed Lost,Closed Lost,1767916800000000000
OPP-00185,CL-0104,PR-004,RM-022,2025-12-30,2026-04-25,1812518,Event,23829.74,Proposal,Open,
OPP-00186,CL-0132,PR-004,RM-011,2026-01-17,2026-06-24,5498400,Event,84826.79,Qualification,Open,
OPP-00187,CL-0025,PR-006,RM-015,2026-03-13,2026-02-07,8806135,Relationship Coverage,201937.82,Proposal,Open,
OPP-00188,CL-0096,PR-005,RM-022,2026-02-22,2026-05-02,2994804,Product Partner,26731.28,Commitment,Open,
OPP-00189,CL-0093,PR-005,RM-005,2025-12-17,2026-01-25,8549141,Referral,46603.85,Qualification,Open,
OPP-00190,CL-0061,PR-006,RM-020,2025-12-17,2026-01-31,1837819,Inbound,40860.78,Qualification,Open,
OPP-00191,CL-0122,PR-004,RM-010,2026-01-09,2026-02-08,5432101,Event,89859.67,Prospecting,Open,
OPP-00192,CL-0051,PR-004,RM-012,2025-11-15,2026-04-18,6791600,Referral,154937.92,Qualification,Open,
OPP-00193,CL-0147,PR-004,RM-015,2025-09-30,2026-02-04,6606381,Product Partner,111904.86,Commitment,Open,
OPP-00194,CL-0021,PR-002,RM-017,2025-09-21,2026-04-08,844557,Relationship Coverage,17907.33,Proposal,Open,
OPP-00195,CL-0005,PR-004,RM-010,2026-02-03,2026-06-03,7489914,Event,101813.9,Qualification,Open,
OPP-00196,CL-0092,PR-003,RM-006,2026-03-09,2026-02-20,8604207,Referral,172060.04,Prospecting,Open,
OPP-00197,CL-0061,PR-001,RM-018,2026-02-08,2026-02-25,1240121,Referral,28846.24,Qualification,Open,
OPP-00198,CL-0022,PR-004,RM-013,2026-02-10,2026-06-08,1975049,Referral,32474.66,Closed Won,Closed Won,1773705600000000000
OPP-00199,CL-0149,PR-006,RM-003,2026-02-27,2026-04-25,8095870,Product Partner,69751.61,Qualification,Open,
OPP-00200,CL-0070,PR-001,RM-024,2025-10-04,2026-03-03,733442,Product Partner,7610.16,Closed Lost,Closed Lost,1772841600000000000
OPP-00201,CL-0001,PR-002,RM-010,2025-10-11,2026-04-27,5522225,Product Partner,49550.33,Proposal,Open,
OPP-00202,CL-0133,PR-006,RM-014,2025-10-21,2026-02-11,4359545,Inbound,43321.41,Prospecting,Open,
OPP-00203,CL-0012,PR-001,RM-006,2026-02-22,2026-02-24,6872766,Referral,76482.26,Closed Won,Closed Won,1774656000000000000
OPP-00204,CL-0090,PR-006,RM-003,2025-11-21,2026-04-23,2001797,Event,32234.29,Proposal,Open,
OPP-00205,CL-0046,PR-002,RM-016,2025-10-28,2026-03-02,8736014,Product Partner,146414.13,Negotiation,Open,
OPP-00206,CL-0034,PR-003,RM-007,2025-11-14,2026-06-09,3702814,Product Partner,50099.05,Closed Lost,Closed Lost,1767916800000000000
OPP-00207,CL-0078,PR-002,RM-020,2026-03-04,2026-04-29,7120679,Referral,123247.67,Prospecting,Open,
OPP-00208,CL-0045,PR-002,RM-014,2025-09-23,2026-05-18,8288762,Product Partner,54966.91,Prospecting,Open,
OPP-00209,CL-0073,PR-006,RM-009,2026-02-23,2026-01-27,9660044,Inbound,65260.98,Negotiation,Open,
OPP-00210,CL-0026,PR-005,RM-015,2026-01-06,2026-06-04,3141912,Inbound,26507.02,Qualification,Open,
OPP-00211,CL-0047,PR-004,RM-021,2026-01-28,2026-04-24,7605566,Product Partner,116833.28,Qualification,Open,
OPP-00212,CL-0121,PR-004,RM-003,2025-09-17,2026-02-14,1859184,Referral,17253.03,Prospecting,Open,
OPP-00213,CL-0056,PR-003,RM-002,2025-11-08,2026-05-24,8163490,Referral,87069.24,Prospecting,Open,
OPP-00214,CL-0094,PR-003,RM-002,2025-12-17,2026-01-30,5048793,Referral,65665.9,Negotiation,Open,
OPP-00215,CL-0107,PR-004,RM-003,2026-01-17,2026-05-31,7587895,Relationship Coverage,161146.57,Prospecting,Open,
OPP-00216,CL-0063,PR-005,RM-018,2025-12-03,2026-03-28,2578476,Product Partner,13607.24,Proposal,Open,
OPP-00217,CL-0048,PR-004,RM-014,2025-09-15,2026-06-29,734273,Referral,13207.79,Negotiation,Open,
OPP-00218,CL-0061,PR-005,RM-020,2025-11-30,2026-03-09,7988866,Inbound,146815.63,Proposal,Open,
OPP-00219,CL-0081,PR-003,RM-018,2026-02-10,2026-04-24,5363728,Event,112494.09,Prospecting,Open,
OPP-00220,CL-0026,PR-001,RM-010,2025-10-03,2026-05-03,5636159,Event,133323.67,Commitment,Open,
OPP-00221,CL-0036,PR-006,RM-025,2026-01-03,2026-04-11,9326940,Referral,50391.19,Prospecting,Open,
OPP-00222,CL-0001,PR-003,RM-002,2025-09-16,2026-06-25,5896895,Event,47621.4,Negotiation,Open,
OPP-00223,CL-0008,PR-003,RM-025,2026-02-09,2026-05-31,976448,Event,22188.24,Closed Won,Closed Won,1767312000000000000
OPP-00224,CL-0113,PR-002,RM-022,2025-11-05,2026-01-22,320463,Relationship Coverage,4541.08,Proposal,Open,
OPP-00225,CL-0099,PR-002,RM-001,2026-02-15,2026-01-21,5700652,Inbound,92873.96,Proposal,Open,
OPP-00226,CL-0047,PR-002,RM-004,2026-02-03,2026-02-19,7102902,Inbound,129702.86,Proposal,Open,
OPP-00227,CL-0127,PR-006,RM-014,2025-10-17,2026-02-01,9771791,Relationship Coverage,181572.89,Proposal,Open,
OPP-00228,CL-0056,PR-002,RM-001,2026-02-14,2026-01-17,3116457,Relationship Coverage,73656.86,Closed Won,Closed Won,1771027200000000000
OPP-00229,CL-0014,PR-005,RM-014,2026-01-26,2026-02-11,2680992,Event,66861.23,Closed Won,Closed Won,1774483200000000000
OPP-00230,CL-0028,PR-004,RM-016,2026-01-02,2026-03-25,4564380,Product Partner,88563.35,Qualification,Open,
OPP-00231,CL-0078,PR-001,RM-022,2025-09-01,2026-06-12,5551572,Event,59648.44,Negotiation,Open,
OPP-00232,CL-0130,PR-003,RM-014,2025-11-26,2026-02-11,5161408,Relationship Coverage,116622.26,Closed Won,Closed Won,1770422400000000000
OPP-00233,CL-0109,PR-005,RM-020,2026-01-06,2026-03-09,5366934,Inbound,32117.98,Closed Lost,Closed Lost,1768867200000000000
OPP-00234,CL-0014,PR-001,RM-003,2026-03-10,2026-03-20,9798902,Event,94281.28,Proposal,Open,
OPP-00235,CL-0056,PR-005,RM-003,2025-11-06,2026-04-24,5845956,Product Partner,134151.33,Proposal,Open,
OPP-00236,CL-0115,PR-005,RM-009,2025-09-04,2026-02-04,8675021,Event,87824.44,Qualification,Open,
OPP-00237,CL-0007,PR-003,RM-006,2026-03-05,2026-01-27,8153402,Referral,76748.15,Closed Lost,Closed Lost,1769385600000000000
OPP-00238,CL-0003,PR-004,RM-025,2026-01-31,2026-03-12,6140298,Event,47664.1,Prospecting,Open,
OPP-00239,CL-0111,PR-002,RM-013,2025-10-17,2026-03-04,7116684,Relationship Coverage,157863.96,Proposal,Open,
OPP-00240,CL-0107,PR-006,RM-021,2025-10-08,2026-05-12,8277522,Inbound,124172.47,Qualification,Open,
OPP-00241,CL-0018,PR-004,RM-002,2026-01-21,2026-03-09,9203038,Inbound,170236.55,Qualification,Open,
OPP-00242,CL-0038,PR-006,RM-008,2026-03-10,2026-06-01,5110319,Relationship Coverage,49985.7,Proposal,Open,
OPP-00243,CL-0115,PR-003,RM-021,2025-09-21,2026-03-08,9554088,Referral,192618.14,Closed Lost,Closed Lost,1767571200000000000
OPP-00244,CL-0015,PR-003,RM-002,2025-10-27,2026-02-27,3891141,Relationship Coverage,78601.48,Prospecting,Open,
OPP-00245,CL-0119,PR-003,RM-004,2025-12-26,2026-03-02,3631915,Event,40866.16,Proposal,Open,
OPP-00246,CL-0028,PR-001,RM-025,2026-02-28,2026-03-08,8680664,Relationship Coverage,114703.28,Prospecting,Open,
OPP-00247,CL-0039,PR-006,RM-015,2025-10-16,2026-03-29,2398983,Relationship Coverage,22055.78,Prospecting,Open,
OPP-00248,CL-0017,PR-004,RM-004,2026-01-20,2026-03-01,1023952,Referral,25118.79,Proposal,Open,
OPP-00249,CL-0086,PR-004,RM-013,2026-01-23,2026-01-27,1158380,Event,20748.96,Proposal,Open,
OPP-00250,CL-0126,PR-005,RM-012,2025-10-09,2026-06-28,4870792,Product Partner,115393.34,Qualification,Open,
OPP-00251,CL-0044,PR-005,RM-013,2026-01-15,2026-04-26,1587768,Product Partner,17572.96,Qualification,Open,
OPP-00252,CL-0025,PR-005,RM-014,2025-12-08,2026-02-07,3340930,Inbound,68949.51,Prospecting,Open,
OPP-00253,CL-0145,PR-003,RM-020,2025-11-16,2026-01-16,7109698,Relationship Coverage,144448.96,Qualification,Open,
OPP-00254,CL-0013,PR-004,RM-018,2025-12-24,2026-04-05,1764101,Inbound,33223.51,Closed Lost,Closed Lost,1773792000000000000
OPP-00255,CL-0025,PR-006,RM-006,2026-01-12,2026-04-24,1656150,Referral,40265.61,Closed Won,Closed Won,1772064000000000000
OPP-00256,CL-0068,PR-003,RM-011,2026-01-29,2026-06-05,9163613,Product Partner,117945.84,Qualification,Open,
OPP-00257,CL-0138,PR-001,RM-002,2026-03-06,2026-06-01,1479458,Relationship Coverage,11265.11,Proposal,Open,
OPP-00258,CL-0067,PR-005,RM-023,2025-11-30,2026-06-26,9805880,Referral,180763.33,Closed Won,Closed Won,1767398400000000000
OPP-00259,CL-0109,PR-003,RM-019,2025-12-07,2026-06-16,6546450,Referral,128220.05,Prospecting,Open,
OPP-00260,CL-0146,PR-003,RM-019,2025-12-29,2026-05-25,7332122,Relationship Coverage,120988.9,Commitment,Open,
OPP-00261,CL-0111,PR-001,RM-005,2025-10-16,2026-05-05,6610756,Referral,60398.23,Closed Won,Closed Won,1769817600000000000
OPP-00262,CL-0111,PR-002,RM-019,2025-10-08,2026-04-26,5005997,Relationship Coverage,75536.08,Prospecting,Open,
OPP-00263,CL-0034,PR-004,RM-002,2026-01-20,2026-01-31,1743551,Relationship Coverage,19604.13,Prospecting,Open,
OPP-00264,CL-0111,PR-006,RM-010,2025-12-09,2026-01-26,4223313,Event,57223.06,Closed Lost,Closed Lost,1769990400000000000
OPP-00265,CL-0008,PR-002,RM-025,2025-11-11,2026-05-10,2686831,Inbound,48106.02,Proposal,Open,
OPP-00266,CL-0113,PR-005,RM-002,2026-03-09,2026-02-07,8993662,Referral,179012.5,Prospecting,Open,
OPP-00267,CL-0083,PR-003,RM-011,2025-10-05,2026-02-12,4089847,Referral,39444.5,Qualification,Open,
OPP-00268,CL-0042,PR-001,RM-018,2026-01-25,2026-06-16,1416670,Event,18567.6,Proposal,Open,
OPP-00269,CL-0101,PR-001,RM-024,2025-09-30,2026-05-16,930667,Event,9663.33,Negotiation,Open,
OPP-00270,CL-0006,PR-004,RM-015,2025-11-17,2026-04-14,5569728,Event,49975.12,Negotiation,Open,
OPP-00271,CL-0026,PR-002,RM-009,2025-11-23,2026-03-20,5660897,Product Partner,116997.97,Closed Lost,Closed Lost,1773792000000000000
OPP-00272,CL-0064,PR-004,RM-023,2025-12-22,2026-04-08,2264017,Product Partner,52491.36,Qualification,Open,
OPP-00273,CL-0059,PR-003,RM-019,2025-09-25,2026-05-13,7334364,Product Partner,90980.17,Proposal,Open,
OPP-00274,CL-0109,PR-004,RM-009,2026-02-15,2026-06-19,4272261,Relationship Coverage,85554.5,Proposal,Open,
OPP-00275,CL-0121,PR-006,RM-003,2025-11-27,2026-01-30,4887203,Referral,112111.98,Proposal,Open,
OPP-00276,CL-0033,PR-001,RM-021,2025-09-14,2026-04-28,4925519,Inbound,107979.61,Prospecting,Open,
OPP-00277,CL-0150,PR-001,RM-009,2026-02-01,2026-04-16,5144940,Relationship Coverage,44535.98,Closed Lost,Closed Lost,1770940800000000000
OPP-00278,CL-0021,PR-005,RM-014,2025-12-11,2026-02-10,2249482,Referral,54270.64,Commitment,Open,
OPP-00279,CL-0070,PR-005,RM-019,2026-01-28,2026-06-25,3899244,Referral,48871.29,Proposal,Open,
OPP-00280,CL-0112,PR-003,RM-007,2026-02-23,2026-06-28,4864466,Event,57326.82,Negotiation,Open,
OPP-00281,CL-0004,PR-006,RM-016,2025-11-22,2026-05-28,6096866,Event,38097.04,Qualification,Open,
OPP-00282,CL-0094,PR-002,RM-016,2025-12-19,2026-05-29,6432719,Relationship Coverage,94711.97,Proposal,Open,
OPP-00283,CL-0075,PR-004,RM-001,2026-02-26,2026-06-16,600067,Event,4308.64,Negotiation,Open,
OPP-00284,CL-0062,PR-003,RM-004,2026-01-09,2026-02-16,2309385,Referral,23026.41,Proposal,Open,
OPP-00285,CL-0094,PR-005,RM-004,2026-02-17,2026-03-10,7699194,Event,87300.02,Closed Lost,Closed Lost,1772582400000000000
OPP-00286,CL-0095,PR-004,RM-007,2025-09-19,2026-01-21,2617322,Product Partner,55425.79,Negotiation,Open,
OPP-00287,CL-0055,PR-005,RM-008,2025-09-28,2026-03-12,1625645,Event,36592.9,Qualification,Open,
OPP-00288,CL-0137,PR-004,RM-017,2026-02-20,2026-05-20,6812877,Referral,75277.7,Negotiation,Open,
OPP-00289,CL-0131,PR-002,RM-005,2025-11-10,2026-01-26,9473048,Relationship Coverage,210055.01,Prospecting,Open,
OPP-00290,CL-0031,PR-003,RM-007,2025-11-02,2026-01-30,6293995,Inbound,139378.12,Proposal,Open,
OPP-00291,CL-0040,PR-004,RM-020,2025-11-12,2026-02-26,7214705,Event,146408.15,Qualification,Open,
OPP-00292,CL-0036,PR-006,RM-020,2026-01-02,2026-05-11,9338503,Referral,74090.77,Proposal,Open,
OPP-00293,CL-0006,PR-001,RM-004,2025-12-28,2026-05-29,6882142,Inbound,129428.71,Commitment,Open,
OPP-00294,CL-0066,PR-006,RM-006,2025-12-30,2026-05-05,7906495,Inbound,188969.04,Proposal,Open,
OPP-00295,CL-0075,PR-006,RM-007,2025-09-19,2026-03-06,495144,Product Partner,9234.84,Commitment,Open,
OPP-00296,CL-0004,PR-001,RM-018,2026-02-22,2026-06-23,4072727,Inbound,47375.33,Proposal,Open,
OPP-00297,CL-0079,PR-006,RM-005,2026-01-20,2026-03-30,1494360,Referral,22432.71,Qualification,Open,
OPP-00298,CL-0134,PR-004,RM-020,2025-12-29,2026-01-22,7475593,Referral,133921.52,Commitment,Open,
OPP-00299,CL-0118,PR-004,RM-003,2026-02-13,2026-02-28,5220809,Event,79415.86,Qualification,Open,
OPP-00300,CL-0113,PR-004,RM-007,2026-02-28,2026-03-14,3299316,Event,24411.83,Qualification,Open,
OPP-00301,CL-0094,PR-001,RM-022,2025-10-31,2026-05-26,6872575,Event,77256.55,Proposal,Open,
OPP-00302,CL-0062,PR-006,RM-014,2026-02-11,2026-04-28,7753276,Inbound,163190.34,Qualification,Open,
OPP-00303,CL-0079,PR-001,RM-007,2026-02-15,2026-06-20,9788342,Inbound,217578.8,Prospecting,Open,
OPP-00304,CL-0136,PR-004,RM-005,2025-09-30,2026-06-20,7517807,Product Partner,58232.94,Negotiation,Open,
OPP-00305,CL-0026,PR-006,RM-022,2025-09-09,2026-04-22,3210883,Event,77214.46,Proposal,Open,
OPP-00306,CL-0044,PR-006,RM-005,2025-11-03,2026-06-19,1156450,Relationship Coverage,13387.59,Proposal,Open,
OPP-00307,CL-0133,PR-005,RM-023,2026-02-08,2026-04-03,532140,Product Partner,9709.57,Closed Lost,Closed Lost,1773964800000000000
OPP-00308,CL-0070,PR-005,RM-002,2025-12-29,2026-05-18,8463062,Relationship Coverage,169570.17,Proposal,Open,
OPP-00309,CL-0118,PR-002,RM-021,2025-10-22,2026-01-18,808981,Inbound,17181.89,Commitment,Open,
OPP-00310,CL-0068,PR-003,RM-022,2025-11-28,2026-04-14,8747552,Product Partner,209197.65,Prospecting,Open,
OPP-00311,CL-0019,PR-005,RM-006,2026-01-20,2026-04-28,2047519,Product Partner,23051.77,Proposal,Open,
OPP-00312,CL-0020,PR-001,RM-015,2025-10-23,2026-05-31,4127590,Referral,91509.2,Commitment,Open,
OPP-00313,CL-0113,PR-005,RM-021,2026-03-06,2026-05-13,7933647,Inbound,60563.38,Proposal,Open,
OPP-00314,CL-0140,PR-002,RM-010,2025-11-17,2026-05-27,3965929,Inbound,75752.49,Negotiation,Open,
OPP-00315,CL-0047,PR-006,RM-023,2025-10-11,2026-03-11,4641401,Product Partner,92083.33,Qualification,Open,
OPP-00316,CL-0001,PR-002,RM-024,2026-03-15,2026-04-20,3178100,Inbound,58967.94,Prospecting,Open,
OPP-00317,CL-0090,PR-006,RM-007,2025-11-07,2026-03-30,2203341,Product Partner,22135.41,Proposal,Open,
OPP-00318,CL-0142,PR-006,RM-005,2025-09-08,2026-06-06,1223737,Referral,27486.19,Proposal,Open,
OPP-00319,CL-0064,PR-003,RM-001,2025-09-02,2026-02-15,9771995,Product Partner,81861.66,Commitment,Open,
OPP-00320,CL-0038,PR-005,RM-013,2025-12-14,2026-02-11,5683001,Inbound,34511.14,Qualification,Open,
OPP-00321,CL-0037,PR-001,RM-021,2026-01-03,2026-02-05,4152908,Inbound,80355.86,Closed Lost,Closed Lost,1771718400000000000
OPP-00322,CL-0126,PR-001,RM-018,2025-12-19,2026-01-31,6921628,Product Partner,100429.46,Closed Lost,Closed Lost,1771977600000000000
OPP-00323,CL-0139,PR-004,RM-013,2025-11-25,2026-03-14,8153498,Product Partner,179229.87,Qualification,Open,
OPP-00324,CL-0100,PR-006,RM-021,2026-02-16,2026-04-14,6312133,Product Partner,79961.74,Qualification,Open,
OPP-00325,CL-0077,PR-001,RM-021,2025-12-29,2026-04-30,5948618,Event,49763.59,Closed Won,Closed Won,1769126400000000000
OPP-00326,CL-0003,PR-003,RM-018,2026-01-05,2026-02-09,7890888,Inbound,171459.87,Closed Lost,Closed Lost,1772496000000000000
OPP-00327,CL-0134,PR-006,RM-005,2026-03-02,2026-02-08,9334140,Inbound,149142.69,Proposal,Open,
OPP-00328,CL-0010,PR-003,RM-013,2025-09-16,2026-06-01,545866,Event,4794.84,Qualification,Open,
OPP-00329,CL-0005,PR-001,RM-004,2025-11-01,2026-02-28,9435665,Product Partner,183124.37,Proposal,Open,
OPP-00330,CL-0138,PR-001,RM-017,2025-12-22,2026-04-07,6486893,Referral,98745.25,Negotiation,Open,
OPP-00331,CL-0130,PR-004,RM-003,2026-02-23,2026-01-25,7072603,Product Partner,120844.33,Qualification,Open,
OPP-00332,CL-0013,PR-001,RM-017,2026-02-05,2026-04-28,7500569,Product Partner,106642.84,Negotiation,Open,
OPP-00333,CL-0130,PR-006,RM-011,2025-09-12,2026-03-23,2055518,Event,44346.11,Prospecting,Open,
OPP-00334,CL-0084,PR-006,RM-021,2025-10-05,2026-04-19,3873425,Inbound,83632.1,Prospecting,Open,
OPP-00335,CL-0065,PR-006,RM-020,2025-09-11,2026-06-19,3849537,Product Partner,73864.06,Proposal,Open,
OPP-00336,CL-0063,PR-004,RM-023,2025-11-03,2026-03-20,6771689,Inbound,48133.35,Qualification,Open,
OPP-00337,CL-0101,PR-004,RM-021,2025-10-20,2026-03-04,6939558,Relationship Coverage,151123.29,Qualification,Open,
OPP-00338,CL-0073,PR-001,RM-004,2026-01-27,2026-03-07,6548941,Inbound,120633.19,Proposal,Open,
OPP-00339,CL-0017,PR-002,RM-002,2025-11-08,2026-04-26,6260224,Referral,118571.67,Qualification,Open,
OPP-00340,CL-0009,PR-002,RM-020,2025-10-18,2026-03-12,4341685,Referral,53227.57,Qualification,Open,
OPP-00341,CL-0143,PR-004,RM-016,2025-09-20,2026-03-02,8845960,Product Partner,199791.24,Qualification,Open,
OPP-00342,CL-0038,PR-001,RM-018,2025-12-10,2026-06-22,434514,Inbound,8476.25,Closed Lost,Closed Lost,1773532800000000000
OPP-00343,CL-0094,PR-002,RM-008,2026-03-14,2026-02-09,6986549,Product Partner,50665.12,Proposal,Open,
OPP-00344,CL-0095,PR-001,RM-003,2026-02-19,2026-05-08,9437266,Event,124152.53,Proposal,Open,
OPP-00345,CL-0049,PR-001,RM-009,2026-02-08,2026-01-19,1508624,Referral,34287.41,Proposal,Open,
OPP-00346,CL-0069,PR-001,RM-020,2026-03-08,2026-04-08,6179949,Product Partner,36733.21,Closed Lost,Closed Lost,1768521600000000000
OPP-00347,CL-0062,PR-005,RM-006,2026-01-15,2026-03-07,7546991,Event,182851.01,Qualification,Open,
OPP-00348,CL-0078,PR-006,RM-010,2025-11-07,2026-04-29,9601060,Product Partner,178418.91,Negotiation,Open,
OPP-00349,CL-0117,PR-001,RM-021,2025-10-05,2026-03-09,5033725,Inbound,88732.09,Negotiation,Open,
OPP-00350,CL-0120,PR-005,RM-010,2025-11-04,2026-06-24,6921203,Inbound,72057.93,Negotiation,Open,
OPP-00351,CL-0137,PR-004,RM-013,2025-09-08,2026-06-29,3000025,Inbound,29927.76,Prospecting,Open,
OPP-00352,CL-0076,PR-002,RM-017,2025-10-15,2026-06-18,8035446,Inbound,191574.39,Negotiation,Open,
OPP-00353,CL-0035,PR-006,RM-009,2025-11-26,2026-01-29,5985630,Relationship Coverage,65635.12,Prospecting,Open,
OPP-00354,CL-0001,PR-002,RM-017,2026-02-22,2026-03-16,3176979,Event,65160.18,Proposal,Open,
OPP-00355,CL-0040,PR-006,RM-024,2026-02-15,2026-05-16,2764399,Event,35556.91,Negotiation,Open,
OPP-00356,CL-0064,PR-002,RM-009,2025-11-15,2026-02-04,1205205,Inbound,9382.62,Qualification,Open,
OPP-00357,CL-0150,PR-006,RM-009,2026-03-01,2026-03-01,6916199,Relationship Coverage,36063.18,Commitment,Open,
OPP-00358,CL-0060,PR-002,RM-001,2025-11-15,2026-05-28,1216649,Inbound,19326.65,Prospecting,Open,
OPP-00359,CL-0064,PR-002,RM-002,2026-02-21,2026-02-21,7743971,Relationship Coverage,189847.91,Commitment,Open,
OPP-00360,CL-0093,PR-002,RM-016,2025-10-17,2026-03-17,5230939,Inbound,64773.27,Proposal,Open,
OPP-00361,CL-0072,PR-002,RM-001,2025-09-15,2026-04-10,9572656,Referral,116248.87,Qualification,Open,
OPP-00362,CL-0011,PR-004,RM-010,2025-12-14,2026-04-02,7826126,Referral,92988.72,Prospecting,Open,
OPP-00363,CL-0105,PR-001,RM-018,2026-01-25,2026-03-01,5311500,Product Partner,81854.87,Closed Lost,Closed Lost,1774742400000000000
OPP-00364,CL-0014,PR-003,RM-008,2025-09-26,2026-06-04,1450532,Inbound,20036.63,Prospecting,Open,
OPP-00365,CL-0060,PR-005,RM-021,2025-10-22,2026-01-17,7746287,Event,175052.86,Qualification,Open,
OPP-00366,CL-0030,PR-003,RM-011,2025-12-02,2026-01-20,5443378,Product Partner,82251.71,Qualification,Open,
OPP-00367,CL-0035,PR-003,RM-023,2026-01-28,2026-04-17,714462,Referral,10827.78,Negotiation,Open,
OPP-00368,CL-0005,PR-006,RM-002,2025-09-21,2026-01-22,5118923,Inbound,39760.89,Proposal,Open,
OPP-00369,CL-0083,PR-001,RM-008,2025-10-21,2026-05-02,8180221,Product Partner,201681.64,Prospecting,Open,
OPP-00370,CL-0123,PR-006,RM-022,2025-10-08,2026-06-24,6260554,Inbound,62602.15,Qualification,Open,
OPP-00371,CL-0078,PR-001,RM-008,2025-09-20,2026-03-30,4853623,Referral,31389.75,Qualification,Open,
OPP-00372,CL-0062,PR-001,RM-017,2026-02-04,2026-04-01,8212366,Product Partner,149981.82,Qualification,Open,
OPP-00373,CL-0132,PR-002,RM-015,2026-02-26,2026-03-05,524535,Referral,8868.48,Proposal,Open,
OPP-00374,CL-0089,PR-004,RM-017,2026-01-10,2026-01-25,5390709,Relationship Coverage,71712.13,Negotiation,Open,
OPP-00375,CL-0042,PR-002,RM-023,2025-10-25,2026-04-19,2730017,Referral,36701.92,Qualification,Open,
OPP-00376,CL-0089,PR-004,RM-024,2025-12-01,2026-06-19,5066129,Inbound,104875.35,Qualification,Open,
OPP-00377,CL-0146,PR-006,RM-013,2025-09-28,2026-03-25,8457623,Event,75393.39,Proposal,Open,
OPP-00378,CL-0040,PR-004,RM-019,2025-09-04,2026-01-30,1167472,Referral,24989.82,Closed Lost,Closed Lost,1771027200000000000
OPP-00379,CL-0072,PR-006,RM-005,2026-01-28,2026-03-23,3899279,Event,70089.31,Closed Lost,Closed Lost,1771200000000000000
OPP-00380,CL-0039,PR-003,RM-012,2025-11-15,2026-04-23,5266239,Relationship Coverage,70459.09,Commitment,Open,
OPP-00381,CL-0104,PR-003,RM-001,2026-02-20,2026-03-03,3471131,Product Partner,49153.2,Qualification,Open,
OPP-00382,CL-0014,PR-004,RM-023,2025-11-06,2026-03-19,9227182,Product Partner,93498.52,Prospecting,Open,
OPP-00383,CL-0032,PR-004,RM-005,2025-11-25,2026-04-14,2684138,Event,53796.26,Qualification,Open,
OPP-00384,CL-0125,PR-006,RM-008,2026-03-13,2026-03-31,8743535,Product Partner,133404.44,Qualification,Open,
OPP-00385,CL-0097,PR-002,RM-013,2026-02-09,2026-06-02,8033874,Referral,91723.47,Proposal,Open,
OPP-00386,CL-0023,PR-006,RM-008,2025-11-30,2026-04-25,6840828,Event,115753.67,Negotiation,Open,
OPP-00387,CL-0063,PR-002,RM-025,2026-03-02,2026-04-13,4467690,Inbound,111311.11,Commitment,Open,
OPP-00388,CL-0143,PR-003,RM-023,2025-12-14,2026-02-01,3899886,Referral,53448.9,Commitment,Open,
OPP-00389,CL-0145,PR-001,RM-011,2025-09-01,2026-02-02,5783326,Referral,135409.8,Qualification,Open,
OPP-00390,CL-0053,PR-004,RM-001,2025-11-11,2026-03-10,4696460,Referral,55889.46,Negotiation,Open,
OPP-00391,CL-0104,PR-002,RM-013,2025-11-26,2026-04-26,7543708,Inbound,45976.29,Qualification,Open,
OPP-00392,CL-0104,PR-006,RM-019,2026-02-13,2026-05-12,5294080,Relationship Coverage,48095.88,Prospecting,Open,
OPP-00393,CL-0039,PR-003,RM-024,2025-09-06,2026-06-17,1203122,Product Partner,16090.44,Negotiation,Open,
OPP-00394,CL-0134,PR-002,RM-003,2026-01-31,2026-05-28,4913754,Event,46153.41,Prospecting,Open,
OPP-00395,CL-0067,PR-006,RM-024,2026-01-23,2026-01-18,4767562,Relationship Coverage,23859.46,Proposal,Open,
OPP-00396,CL-0135,PR-004,RM-017,2025-10-31,2026-05-02,6790180,Event,158211.4,Qualification,Open,
OPP-00397,CL-0042,PR-004,RM-005,2025-09-12,2026-05-09,8753197,Product Partner,191498.84,Negotiation,Open,
OPP-00398,CL-0015,PR-005,RM-020,2025-09-06,2026-02-12,1443982,Inbound,28657.04,Negotiation,Open,
OPP-00399,CL-0111,PR-001,RM-021,2025-09-27,2026-03-14,9257611,Referral,77359.3,Qualification,Open,
OPP-00400,CL-0033,PR-005,RM-008,2026-01-14,2026-05-19,8832447,Referral,65424.33,Commitment,Open,
OPP-00401,CL-0038,PR-003,RM-014,2026-01-02,2026-04-22,6904754,Inbound,43859.65,Qualification,Open,
OPP-00402,CL-0097,PR-002,RM-004,2025-12-15,2026-01-31,756453,Relationship Coverage,14736.15,Proposal,Open,
OPP-00403,CL-0033,PR-003,RM-011,2026-03-12,2026-05-01,6798894,Relationship Coverage,160291.81,Negotiation,Open,
OPP-00404,CL-0086,PR-006,RM-020,2026-03-04,2026-02-26,2757743,Event,37534.86,Negotiation,Open,
OPP-00405,CL-0066,PR-004,RM-015,2025-12-02,2026-04-04,1805811,Inbound,13331.97,Closed Lost,Closed Lost,1773360000000000000
OPP-00406,CL-0010,PR-005,RM-019,2025-12-18,2026-06-25,5327198,Relationship Coverage,81228.35,Qualification,Open,
OPP-00407,CL-0005,PR-005,RM-007,2025-12-08,2026-01-22,6434377,Inbound,77062.21,Negotiation,Open,
OPP-00408,CL-0123,PR-005,RM-019,2026-02-15,2026-06-04,4095474,Product Partner,51179.08,Negotiation,Open,
OPP-00409,CL-0074,PR-003,RM-019,2026-01-20,2026-04-30,4174482,Referral,72747.08,Closed Won,Closed Won,1774310400000000000
OPP-00410,CL-0097,PR-004,RM-011,2025-10-05,2026-01-22,3482452,Referral,67470.29,Prospecting,Open,
OPP-00411,CL-0118,PR-002,RM-005,2026-02-23,2026-04-20,5197796,Referral,37486.88,Negotiation,Open,
OPP-00412,CL-0038,PR-006,RM-005,2025-11-23,2026-04-18,4540697,Inbound,25935.57,Proposal,Open,
OPP-00413,CL-0141,PR-002,RM-022,2025-10-26,2026-03-20,7136940,Inbound,177614.21,Qualification,Open,
OPP-00414,CL-0047,PR-003,RM-008,2026-02-24,2026-02-22,4062010,Event,39216.95,Proposal,Open,
OPP-00415,CL-0109,PR-006,RM-010,2026-01-19,2026-04-05,1728081,Referral,10500.88,Qualification,Open,
OPP-00416,CL-0015,PR-005,RM-006,2026-03-08,2026-04-08,1820889,Event,16019.28,Proposal,Open,
OPP-00417,CL-0136,PR-001,RM-015,2025-10-19,2026-04-12,7623372,Referral,44056.66,Closed Won,Closed Won,1768780800000000000
OPP-00418,CL-0005,PR-003,RM-016,2025-10-16,2026-04-10,3321640,Event,42637.29,Proposal,Open,
OPP-00419,CL-0047,PR-003,RM-017,2025-12-22,2026-04-17,5503974,Event,115847.84,Negotiation,Open,
OPP-00420,CL-0068,PR-004,RM-008,2026-03-09,2026-04-10,1200922,Product Partner,14200.77,Proposal,Open,
OPP-00421,CL-0076,PR-002,RM-008,2026-01-14,2026-02-27,1934449,Event,26857.25,Prospecting,Open,
OPP-00422,CL-0130,PR-003,RM-025,2025-10-13,2026-05-31,9104198,Inbound,168534.51,Qualification,Open,
OPP-00423,CL-0095,PR-003,RM-009,2026-01-26,2026-06-28,6003371,Event,91118.45,Proposal,Open,
OPP-00424,CL-0115,PR-005,RM-002,2026-01-02,2026-03-29,1683284,Referral,37417.57,Qualification,Open,
OPP-00425,CL-0036,PR-005,RM-015,2025-12-06,2026-02-19,1367374,Event,30520.76,Qualification,Open,
OPP-00426,CL-0026,PR-006,RM-018,2025-11-29,2026-04-25,3249610,Relationship Coverage,16892.17,Proposal,Open,
OPP-00427,CL-0043,PR-001,RM-003,2025-10-09,2026-06-19,2548756,Referral,52404.78,Qualification,Open,
OPP-00428,CL-0027,PR-004,RM-017,2025-11-24,2026-04-28,7350052,Relationship Coverage,104478.58,Qualification,Open,
OPP-00429,CL-0069,PR-001,RM-004,2026-02-24,2026-03-21,3038107,Referral,75274.6,Proposal,Open,
OPP-00430,CL-0148,PR-006,RM-004,2026-03-11,2026-03-10,8668865,Inbound,127125.8,Prospecting,Open,
OPP-00431,CL-0011,PR-005,RM-014,2025-11-01,2026-04-15,4851731,Inbound,120021.73,Closed Won,Closed Won,1771459200000000000
OPP-00432,CL-0074,PR-002,RM-009,2025-12-15,2026-02-05,7423877,Inbound,149155.99,Commitment,Open,
OPP-00433,CL-0104,PR-005,RM-009,2025-12-16,2026-04-25,1235257,Relationship Coverage,12318.1,Negotiation,Open,
OPP-00434,CL-0038,PR-004,RM-025,2025-10-24,2026-06-18,1351267,Product Partner,21306.64,Prospecting,Open,
OPP-00435,CL-0134,PR-005,RM-023,2026-01-04,2026-05-15,668829,Referral,16615.53,Negotiation,Open,
OPP-00436,CL-0023,PR-004,RM-018,2025-09-09,2026-04-17,7290906,Inbound,161498.03,Commitment,Open,
OPP-00437,CL-0047,PR-004,RM-010,2025-11-27,2026-05-02,3688780,Referral,25627.2,Negotiation,Open,
OPP-00438,CL-0090,PR-004,RM-021,2025-10-07,2026-06-04,7767750,Relationship Coverage,148577.17,Prospecting,Open,
OPP-00439,CL-0046,PR-006,RM-004,2025-10-19,2026-01-24,1796933,Product Partner,21404.33,Negotiation,Open,
OPP-00440,CL-0107,PR-004,RM-012,2025-10-11,2026-01-23,8963937,Relationship Coverage,46071.46,Commitment,Open,
OPP-00441,CL-0140,PR-004,RM-008,2025-09-17,2026-06-18,3206151,Referral,41903.17,Proposal,Open,
OPP-00442,CL-0141,PR-002,RM-002,2025-11-27,2026-02-17,1477222,Product Partner,14321.8,Negotiation,Open,
OPP-00443,CL-0104,PR-001,RM-022,2025-09-21,2026-05-23,1793812,Product Partner,38347.01,Proposal,Open,
OPP-00444,CL-0111,PR-003,RM-013,2025-10-21,2026-06-23,8081038,Relationship Coverage,94924.82,Proposal,Open,
OPP-00445,CL-0104,PR-001,RM-021,2025-10-29,2026-04-13,7085032,Inbound,152685.8,Prospecting,Open,
OPP-00446,CL-0060,PR-004,RM-016,2026-02-14,2026-04-17,1115256,Referral,5589.62,Negotiation,Open,
OPP-00447,CL-0100,PR-002,RM-002,2026-03-02,2026-03-26,8198745,Event,91468.34,Prospecting,Open,
OPP-00448,CL-0068,PR-005,RM-011,2025-10-11,2026-03-22,250917,Event,2464.83,Proposal,Open,
OPP-00449,CL-0133,PR-002,RM-010,2025-10-09,2026-06-11,7554000,Relationship Coverage,73057.36,Qualification,Open,
OPP-00450,CL-0120,PR-004,RM-015,2026-01-19,2026-05-11,7400406,Referral,47094.2,Proposal,Open,
OPP-00451,CL-0037,PR-002,RM-017,2026-03-11,2026-04-18,7318931,Referral,63985.65,Prospecting,Open,
OPP-00452,CL-0072,PR-002,RM-008,2025-09-11,2026-06-26,4723447,Relationship Coverage,76099.41,Negotiation,Open,
OPP-00453,CL-0127,PR-004,RM-018,2026-01-25,2026-04-23,8900699,Referral,96369.84,Commitment,Open,
OPP-00454,CL-0106,PR-006,RM-023,2026-01-17,2026-05-07,9041765,Inbound,120688.54,Prospecting,Open,
OPP-00455,CL-0092,PR-002,RM-009,2025-11-16,2026-04-27,7126913,Relationship Coverage,89352.51,Prospecting,Open,
OPP-00456,CL-0031,PR-003,RM-025,2026-01-05,2026-04-15,6389996,Inbound,143890.56,Prospecting,Open,
OPP-00457,CL-0122,PR-003,RM-008,2025-10-16,2026-04-14,7807773,Referral,180406.25,Commitment,Open,
OPP-00458,CL-0137,PR-002,RM-014,2025-10-15,2026-01-31,8887873,Relationship Coverage,132066.14,Proposal,Open,
OPP-00459,CL-0051,PR-006,RM-025,2025-09-01,2026-02-01,7987777,Referral,92683.13,Proposal,Open,
OPP-00460,CL-0029,PR-005,RM-018,2026-02-15,2026-05-10,7804159,Relationship Coverage,55690.59,Prospecting,Open,
OPP-00461,CL-0040,PR-004,RM-022,2025-12-17,2026-04-17,6815792,Referral,164042.87,Negotiation,Open,
OPP-00462,CL-0041,PR-003,RM-020,2025-09-19,2026-04-15,1634822,Inbound,10143.32,Commitment,Open,
OPP-00463,CL-0011,PR-005,RM-020,2025-11-15,2026-04-06,2057402,Inbound,22534.74,Commitment,Open,
OPP-00464,CL-0001,PR-002,RM-021,2025-11-11,2026-03-23,2199902,Referral,24113.84,Negotiation,Open,
OPP-00465,CL-0046,PR-005,RM-012,2026-03-08,2026-05-08,9773979,Relationship Coverage,111501.8,Prospecting,Open,
OPP-00466,CL-0101,PR-001,RM-019,2025-12-18,2026-01-15,7755191,Event,64257.47,Prospecting,Open,
OPP-00467,CL-0149,PR-003,RM-014,2025-09-12,2026-03-13,8967429,Inbound,185296.04,Prospecting,Open,
OPP-00468,CL-0090,PR-002,RM-017,2026-03-08,2026-06-17,9298595,Inbound,69274.14,Qualification,Open,
OPP-00469,CL-0110,PR-004,RM-024,2026-02-08,2026-05-03,493877,Event,8740.7,Prospecting,Open,
OPP-00470,CL-0057,PR-006,RM-021,2025-10-15,2026-06-11,3595026,Referral,26879.72,Qualification,Open,
OPP-00471,CL-0001,PR-002,RM-003,2025-11-29,2026-05-10,1170759,Relationship Coverage,7505.4,Proposal,Open,
OPP-00472,CL-0063,PR-004,RM-023,2025-12-12,2026-04-11,2011369,Referral,46640.81,Closed Won,Closed Won,1773100800000000000
OPP-00473,CL-0055,PR-006,RM-007,2025-09-08,2026-01-24,6036572,Product Partner,53137.38,Negotiation,Open,
OPP-00474,CL-0115,PR-006,RM-017,2026-01-31,2026-03-14,7812160,Inbound,167375.55,Commitment,Open,
OPP-00475,CL-0143,PR-002,RM-012,2025-11-30,2026-02-24,8636369,Product Partner,137254.51,Negotiation,Open,
OPP-00476,CL-0149,PR-005,RM-009,2026-02-21,2026-04-29,2108997,Inbound,13828.97,Prospecting,Open,
OPP-00477,CL-0053,PR-005,RM-015,2025-11-26,2026-05-27,5230249,Inbound,126095.88,Negotiation,Open,
OPP-00478,CL-0137,PR-006,RM-018,2026-02-05,2026-05-16,5225467,Product Partner,51937.08,Qualification,Open,
OPP-00479,CL-0057,PR-005,RM-021,2026-02-22,2026-06-08,1679290,Product Partner,37268.33,Negotiation,Open,
OPP-00480,CL-0117,PR-001,RM-013,2026-02-24,2026-02-05,5438757,Referral,45556.12,Qualification,Open,
OPP-00481,CL-0035,PR-006,RM-021,2026-02-22,2026-04-22,2370711,Product Partner,52342.59,Closed Lost,Closed Lost,1773360000000000000
OPP-00482,CL-0063,PR-006,RM-008,2025-11-23,2026-03-23,771244,Referral,4060.27,Qualification,Open,
OPP-00483,CL-0025,PR-004,RM-014,2025-11-21,2026-06-02,6521271,Referral,99355.54,Qualification,Open,
OPP-00484,CL-0090,PR-005,RM-008,2026-01-24,2026-03-11,1649769,Referral,33636.9,Closed Won,Closed Won,1767657600000000000
OPP-00485,CL-0075,PR-006,RM-014,2026-03-13,2026-06-12,7163744,Inbound,169751.44,Prospecting,Open,
OPP-00486,CL-0038,PR-001,RM-007,2025-11-07,2026-04-23,6169359,Inbound,143030.68,Negotiation,Open,
OPP-00487,CL-0130,PR-004,RM-023,2026-02-08,2026-03-31,9126659,Product Partner,195242.03,Negotiation,Open,
OPP-00488,CL-0135,PR-002,RM-012,2026-01-05,2026-02-09,1075782,Inbound,24488.92,Commitment,Open,
OPP-00489,CL-0091,PR-006,RM-011,2026-02-11,2026-05-09,689439,Product Partner,6194.19,Closed Lost,Closed Lost,1768176000000000000
OPP-00490,CL-0017,PR-001,RM-022,2025-11-21,2026-06-10,1514134,Inbound,16176.53,Closed Lost,Closed Lost,1772841600000000000
OPP-00491,CL-0128,PR-003,RM-022,2026-01-25,2026-05-03,7017567,Relationship Coverage,75644.95,Prospecting,Open,
OPP-00492,CL-0108,PR-001,RM-011,2026-02-03,2026-03-02,6009919,Relationship Coverage,75370.87,Commitment,Open,
OPP-00493,CL-0025,PR-001,RM-025,2026-02-15,2026-03-26,2144554,Product Partner,27592.72,Negotiation,Open,
OPP-00494,CL-0088,PR-004,RM-022,2025-11-23,2026-06-17,6105319,Inbound,97020.27,Negotiation,Open,
OPP-00495,CL-0029,PR-002,RM-013,2025-12-22,2026-02-23,7855503,Inbound,64396.23,Prospecting,Open,
OPP-00496,CL-0063,PR-003,RM-018,2025-11-15,2026-05-27,8234638,Referral,155016.51,Negotiation,Open,
OPP-00497,CL-0150,PR-005,RM-002,2025-12-31,2026-06-12,1197272,Event,9998.81,Closed Lost,Closed Lost,1769558400000000000
OPP-00498,CL-0114,PR-005,RM-021,2026-01-21,2026-05-26,5164082,Product Partner,57869.58,Closed Won,Closed Won,1768348800000000000
OPP-00499,CL-0049,PR-001,RM-015,2025-10-11,2026-02-06,5980482,Event,90107.34,Proposal,Open,
OPP-00500,CL-0081,PR-004,RM-020,2026-02-14,2026-04-30,6191028,Event,129570.86,Prospecting,Open,
OPP-00501,CL-0084,PR-004,RM-018,2025-09-02,2026-04-08,6850430,Product Partner,135565.79,Qualification,Open,
OPP-00502,CL-0105,PR-005,RM-015,2026-03-10,2026-06-06,6593902,Inbound,118101.32,Commitment,Open,
OPP-00503,CL-0148,PR-003,RM-019,2025-09-29,2026-05-10,3369734,Product Partner,27346.96,Negotiation,Open,
OPP-00504,CL-0118,PR-002,RM-023,2025-12-14,2026-05-03,7998408,Event,127501.88,Proposal,Open,
OPP-00505,CL-0086,PR-003,RM-024,2026-03-13,2026-05-30,961943,Inbound,6492.09,Prospecting,Open,
OPP-00506,CL-0063,PR-006,RM-012,2025-10-21,2026-02-24,2871158,Relationship Coverage,36025.18,Proposal,Open,
OPP-00507,CL-0104,PR-006,RM-013,2025-11-14,2026-05-06,7980484,Product Partner,105903.66,Proposal,Open,
OPP-00508,CL-0049,PR-002,RM-022,2025-09-10,2026-06-10,6393243,Product Partner,37056.7,Closed Won,Closed Won,1774742400000000000
OPP-00509,CL-0071,PR-005,RM-011,2026-01-20,2026-05-06,2688064,Inbound,28170.27,Negotiation,Open,
OPP-00510,CL-0001,PR-002,RM-005,2025-10-21,2026-04-27,6004640,Relationship Coverage,144789.82,Qualification,Open,
OPP-00511,CL-0141,PR-004,RM-001,2025-12-27,2026-03-01,4480207,Relationship Coverage,107850.46,Proposal,Open,
OPP-00512,CL-0123,PR-006,RM-024,2025-12-30,2026-06-19,5696441,Inbound,68622.41,Prospecting,Open,
OPP-00513,CL-0062,PR-001,RM-003,2025-10-09,2026-03-23,2248173,Referral,13178.8,Closed Lost,Closed Lost,1773964800000000000
OPP-00514,CL-0032,PR-001,RM-022,2025-09-28,2026-05-16,6108204,Product Partner,52419.99,Qualification,Open,
OPP-00515,CL-0029,PR-005,RM-019,2025-09-03,2026-01-29,4956797,Product Partner,63666.86,Proposal,Open,
OPP-00516,CL-0049,PR-004,RM-023,2025-11-23,2026-06-28,1740017,Event,41683.14,Qualification,Open,
OPP-00517,CL-0030,PR-003,RM-007,2026-02-02,2026-05-23,3352641,Inbound,26231.0,Negotiation,Open,
OPP-00518,CL-0144,PR-004,RM-012,2025-12-26,2026-05-05,9508054,Event,192731.27,Negotiation,Open,
OPP-00519,CL-0019,PR-001,RM-015,2025-09-02,2026-02-07,891593,Event,6395.98,Negotiation,Open,
OPP-00520,CL-0018,PR-001,RM-025,2025-12-02,2026-02-10,1784227,Relationship Coverage,43936.86,Qualification,Open,
OPP-00521,CL-0001,PR-006,RM-005,2026-02-13,2026-02-23,2547905,Product Partner,32185.98,Qualification,Open,
OPP-00522,CL-0078,PR-004,RM-015,2026-01-09,2026-06-27,4447079,Event,91185.98,Prospecting,Open,
OPP-00523,CL-0115,PR-004,RM-008,2026-01-22,2026-02-07,2837551,Relationship Coverage,33630.15,Negotiation,Open,
OPP-00524,CL-0113,PR-001,RM-010,2025-12-03,2026-02-07,4359070,Inbound,76516.4,Prospecting,Open,
OPP-00525,CL-0114,PR-003,RM-016,2025-10-10,2026-01-18,2056210,Event,18177.56,Proposal,Open,
OPP-00526,CL-0063,PR-005,RM-008,2025-09-02,2026-03-22,4239284,Product Partner,33576.91,Commitment,Open,
OPP-00527,CL-0132,PR-005,RM-001,2025-11-20,2026-02-17,6606605,Event,156981.41,Closed Won,Closed Won,1768089600000000000
OPP-00528,CL-0129,PR-004,RM-012,2026-02-16,2026-05-10,8665224,Inbound,202358.5,Proposal,Open,
OPP-00529,CL-0008,PR-005,RM-005,2025-09-12,2026-02-06,5190359,Event,118077.44,Proposal,Open,
OPP-00530,CL-0055,PR-001,RM-003,2026-02-10,2026-05-03,9872823,Product Partner,172859.99,Prospecting,Open,
OPP-00531,CL-0103,PR-001,RM-001,2025-11-04,2026-03-24,4088187,Relationship Coverage,86527.97,Negotiation,Open,
OPP-00532,CL-0131,PR-004,RM-004,2025-10-25,2026-04-19,4651207,Product Partner,29678.14,Commitment,Open,
OPP-00533,CL-0032,PR-004,RM-008,2025-10-15,2026-03-17,6341111,Relationship Coverage,74164.24,Qualification,Open,
OPP-00534,CL-0010,PR-006,RM-003,2025-12-10,2026-03-12,1288218,Referral,14523.45,Proposal,Open,
OPP-00535,CL-0110,PR-004,RM-010,2025-11-01,2026-03-09,8990973,Product Partner,159256.26,Commitment,Open,
OPP-00536,CL-0124,PR-003,RM-002,2025-10-19,2026-03-25,7442767,Product Partner,90200.05,Commitment,Open,
OPP-00537,CL-0087,PR-005,RM-011,2026-01-05,2026-04-25,4359404,Inbound,34745.04,Qualification,Open,
OPP-00538,CL-0055,PR-004,RM-025,2026-01-31,2026-03-12,8999917,Event,152362.67,Proposal,Open,
OPP-00539,CL-0032,PR-002,RM-010,2025-09-23,2026-06-01,4500167,Relationship Coverage,95798.11,Qualification,Open,
OPP-00540,CL-0135,PR-006,RM-021,2026-01-30,2026-05-29,3568843,Relationship Coverage,45118.99,Prospecting,Open,
OPP-00541,CL-0093,PR-002,RM-014,2025-10-08,2026-04-27,9416243,Inbound,71990.7,Closed Won,Closed Won,1771372800000000000
OPP-00542,CL-0008,PR-001,RM-007,2025-09-28,2026-06-29,9351948,Inbound,83548.1,Commitment,Open,
OPP-00543,CL-0065,PR-005,RM-002,2025-09-21,2026-04-09,7541916,Event,73531.16,Negotiation,Open,
OPP-00544,CL-0057,PR-004,RM-009,2026-03-01,2026-03-16,528495,Event,5812.36,Prospecting,Open,
OPP-00545,CL-0067,PR-002,RM-016,2025-12-16,2026-01-17,9469865,Product Partner,169092.98,Commitment,Open,
OPP-00546,CL-0072,PR-005,RM-013,2026-01-24,2026-05-22,2096357,Referral,35677.71,Proposal,Open,
OPP-00547,CL-0054,PR-001,RM-009,2026-02-11,2026-04-10,9961781,Event,188492.81,Qualification,Open,
OPP-00548,CL-0067,PR-003,RM-020,2025-12-08,2026-03-02,6167054,Inbound,75546.66,Proposal,Open,
OPP-00549,CL-0051,PR-006,RM-004,2026-02-20,2026-03-31,8130055,Event,174633.2,Prospecting,Open,
OPP-00550,CL-0097,PR-005,RM-022,2025-12-28,2026-02-21,3280486,Relationship Coverage,29792.56,Negotiation,Open,
OPP-00551,CL-0092,PR-005,RM-010,2025-11-12,2026-06-27,4230053,Referral,60831.61,Proposal,Open,
OPP-00552,CL-0008,PR-003,RM-022,2026-02-28,2026-06-04,950033,Product Partner,19968.53,Qualification,Open,
OPP-00553,CL-0035,PR-005,RM-012,2025-12-31,2026-04-11,5357742,Relationship Coverage,46093.58,Qualification,Open,
OPP-00554,CL-0096,PR-001,RM-017,2025-09-30,2026-03-13,7286278,Relationship Coverage,52441.25,Qualification,Open,
OPP-00555,CL-0088,PR-001,RM-014,2026-03-07,2026-03-05,4151403,Referral,94127.58,Prospecting,Open,
OPP-00556,CL-0078,PR-003,RM-014,2025-12-17,2026-02-13,384445,Product Partner,4558.98,Proposal,Open,
OPP-00557,CL-0032,PR-006,RM-025,2025-12-07,2026-04-25,2095700,Inbound,39142.23,Commitment,Open,
OPP-00558,CL-0120,PR-004,RM-002,2025-10-02,2026-02-08,8554831,Product Partner,47111.22,Prospecting,Open,
OPP-00559,CL-0046,PR-002,RM-021,2026-03-14,2026-05-06,7132727,Event,134101.96,Prospecting,Open,
OPP-00560,CL-0144,PR-004,RM-025,2026-03-14,2026-06-18,1121535,Relationship Coverage,12698.05,Proposal,Open,
OPP-00561,CL-0142,PR-005,RM-020,2026-02-03,2026-05-20,1992166,Event,12181.73,Commitment,Open,
OPP-00562,CL-0055,PR-002,RM-011,2026-02-19,2026-05-17,1285408,Inbound,22104.2,Qualification,Open,
OPP-00563,CL-0007,PR-003,RM-016,2025-11-18,2026-03-02,1711312,Event,16798.37,Qualification,Open,
OPP-00564,CL-0074,PR-003,RM-019,2025-10-11,2026-05-12,7877742,Product Partner,100332.06,Proposal,Open,
OPP-00565,CL-0007,PR-006,RM-023,2025-11-02,2026-02-22,5303929,Event,35067.54,Qualification,Open,
OPP-00566,CL-0085,PR-002,RM-006,2025-09-23,2026-01-30,9135048,Inbound,72562.11,Prospecting,Open,
OPP-00567,CL-0147,PR-001,RM-024,2025-12-13,2026-02-05,1721926,Inbound,18871.52,Negotiation,Open,
OPP-00568,CL-0112,PR-002,RM-019,2025-11-14,2026-03-09,3123524,Inbound,21224.94,Negotiation,Open,
OPP-00569,CL-0125,PR-005,RM-005,2025-10-18,2026-06-12,2992455,Product Partner,69474.41,Proposal,Open,
OPP-00570,CL-0147,PR-001,RM-004,2026-02-07,2026-01-30,2519409,Inbound,12901.74,Negotiation,Open,
OPP-00571,CL-0036,PR-003,RM-015,2025-10-27,2026-03-14,6263704,Relationship Coverage,91933.66,Negotiation,Open,
OPP-00572,CL-0029,PR-002,RM-004,2025-12-27,2026-02-14,545599,Inbound,4072.87,Qualification,Open,
OPP-00573,CL-0082,PR-004,RM-020,2025-12-09,2026-02-15,1807009,Event,20154.62,Qualification,Open,
OPP-00574,CL-0002,PR-006,RM-010,2026-01-02,2026-06-25,847904,Event,19943.71,Prospecting,Open,
OPP-00575,CL-0129,PR-004,RM-024,2026-02-08,2026-01-23,366841,Event,3020.53,Prospecting,Open,
OPP-00576,CL-0047,PR-006,RM-022,2026-01-30,2026-06-02,6157726,Product Partner,149735.25,Negotiation,Open,
OPP-00577,CL-0148,PR-005,RM-003,2026-02-14,2026-01-24,8808542,Event,80297.68,Commitment,Open,
OPP-00578,CL-0011,PR-004,RM-005,2025-10-04,2026-01-31,6076038,Product Partner,120495.87,Closed Lost,Closed Lost,1771286400000000000
OPP-00579,CL-0130,PR-002,RM-006,2026-03-03,2026-03-23,1385270,Product Partner,22072.26,Negotiation,Open,
OPP-00580,CL-0119,PR-002,RM-021,2026-02-03,2026-03-03,487068,Inbound,11051.37,Qualification,Open,
OPP-00581,CL-0140,PR-004,RM-022,2026-02-12,2026-05-05,5274592,Relationship Coverage,84814.73,Prospecting,Open,
OPP-00582,CL-0020,PR-002,RM-008,2025-09-07,2026-06-16,1854243,Inbound,29095.27,Commitment,Open,
OPP-00583,CL-0005,PR-005,RM-007,2026-03-15,2026-05-17,1101161,Inbound,9810.42,Proposal,Open,
OPP-00584,CL-0037,PR-001,RM-021,2026-02-12,2026-06-12,5022945,Product Partner,41813.94,Negotiation,Open,
OPP-00585,CL-0137,PR-005,RM-010,2025-10-26,2026-04-25,9343964,Product Partner,217992.65,Commitment,Open,
OPP-00586,CL-0053,PR-006,RM-006,2025-11-04,2026-04-26,1888846,Event,21828.95,Negotiation,Open,
OPP-00587,CL-0099,PR-005,RM-014,2026-03-12,2026-03-20,4480987,Event,55750.85,Commitment,Open,
OPP-00588,CL-0086,PR-006,RM-004,2025-10-17,2026-03-06,8120907,Inbound,164013.68,Prospecting,Open,
OPP-00589,CL-0108,PR-002,RM-025,2026-01-26,2026-02-19,8963542,Referral,105558.88,Negotiation,Open,
OPP-00590,CL-0024,PR-001,RM-013,2025-09-19,2026-04-05,2052466,Referral,49343.85,Commitment,Open,
OPP-00591,CL-0081,PR-002,RM-020,2026-02-04,2026-05-21,2632865,Event,52021.61,Qualification,Open,
OPP-00592,CL-0120,PR-003,RM-017,2026-03-07,2026-04-12,9436191,Referral,159930.08,Negotiation,Open,
OPP-00593,CL-0059,PR-002,RM-023,2026-01-24,2026-04-28,714310,Event,16156.19,Qualification,Open,
OPP-00594,CL-0128,PR-006,RM-007,2026-02-10,2026-01-29,3964755,Product Partner,23757.28,Closed Lost,Closed Lost,1773878400000000000
OPP-00595,CL-0114,PR-002,RM-004,2026-02-18,2026-04-20,9195850,Inbound,93257.45,Prospecting,Open,
OPP-00596,CL-0115,PR-002,RM-014,2026-01-04,2026-06-30,3377640,Relationship Coverage,48302.71,Proposal,Open,
OPP-00597,CL-0014,PR-001,RM-003,2026-01-17,2026-05-17,9406831,Inbound,89737.13,Prospecting,Open,
OPP-00598,CL-0009,PR-002,RM-024,2025-10-19,2026-01-15,4553677,Event,90518.46,Negotiation,Open,
OPP-00599,CL-0040,PR-001,RM-005,2025-12-22,2026-06-14,4348535,Event,101686.84,Prospecting,Open,
OPP-00600,CL-0025,PR-004,RM-016,2025-10-08,2026-05-16,5003292,Inbound,67421.37,Qualification,Open,
OPP-00601,CL-0103,PR-003,RM-023,2025-11-03,2026-06-30,9810912,Event,116187.22,Proposal,Open,
OPP-00602,CL-0022,PR-001,RM-020,2025-11-08,2026-05-20,6477952,Referral,156967.35,Closed Won,Closed Won,1773619200000000000
OPP-00603,CL-0004,PR-006,RM-004,2026-01-14,2026-03-12,5923938,Referral,82325.25,Qualification,Open,
OPP-00604,CL-0029,PR-004,RM-024,2026-02-09,2026-04-05,8259292,Event,122080.33,Prospecting,Open,
OPP-00605,CL-0109,PR-001,RM-024,2026-02-23,2026-06-25,5358728,Event,64481.56,Negotiation,Open,
OPP-00606,CL-0098,PR-001,RM-002,2025-12-25,2026-03-28,5310795,Referral,123162.48,Proposal,Open,
OPP-00607,CL-0037,PR-003,RM-018,2026-03-03,2026-06-04,6019049,Event,98586.66,Closed Won,Closed Won,1767657600000000000
OPP-00608,CL-0075,PR-006,RM-019,2025-11-04,2026-03-25,1169134,Event,23667.35,Prospecting,Open,
OPP-00609,CL-0070,PR-005,RM-019,2025-10-01,2026-01-20,2105797,Inbound,44718.99,Negotiation,Open,
OPP-00610,CL-0146,PR-005,RM-017,2026-01-10,2026-04-08,6629515,Relationship Coverage,78473.44,Qualification,Open,
OPP-00611,CL-0128,PR-001,RM-014,2025-12-22,2026-03-07,8328886,Referral,113888.24,Prospecting,Open,
OPP-00612,CL-0085,PR-002,RM-019,2025-12-18,2026-01-17,4886440,Inbound,107352.33,Negotiation,Open,
OPP-00613,CL-0042,PR-006,RM-022,2026-02-25,2026-04-05,6739759,Relationship Coverage,82663.87,Proposal,Open,
OPP-00614,CL-0100,PR-004,RM-024,2025-11-08,2026-03-18,9149770,Event,191035.33,Negotiation,Open,
OPP-00615,CL-0041,PR-002,RM-013,2026-02-05,2026-03-04,2820725,Event,67189.24,Qualification,Open,
OPP-00616,CL-0034,PR-002,RM-012,2025-12-29,2026-03-31,2676277,Inbound,46739.06,Proposal,Open,
OPP-00617,CL-0017,PR-006,RM-006,2025-11-27,2026-05-06,7450987,Event,147772.04,Proposal,Open,
OPP-00618,CL-0122,PR-001,RM-021,2026-03-06,2026-05-03,5574852,Product Partner,117640.23,Closed Lost,Closed Lost,1769472000000000000
OPP-00619,CL-0076,PR-001,RM-004,2025-11-06,2026-03-20,5830509,Inbound,127692.77,Qualification,Open,
OPP-00620,CL-0087,PR-001,RM-019,2025-11-14,2026-04-05,1567621,Relationship Coverage,20223.98,Qualification,Open,
OPP-00621,CL-0117,PR-001,RM-016,2025-10-15,2026-01-29,6658929,Inbound,40121.84,Qualification,Open,
OPP-00622,CL-0106,PR-005,RM-013,2025-09-04,2026-04-24,3887967,Referral,50689.47,Proposal,Open,
OPP-00623,CL-0086,PR-001,RM-004,2026-02-01,2026-02-15,2617893,Inbound,48365.9,Qualification,Open,
OPP-00624,CL-0027,PR-005,RM-023,2026-02-02,2026-04-20,6016140,Event,84268.12,Closed Won,Closed Won,1768608000000000000
OPP-00625,CL-0057,PR-005,RM-017,2026-02-21,2026-05-22,5303127,Event,105952.57,Qualification,Open,
OPP-00626,CL-0031,PR-001,RM-023,2025-12-16,2026-06-09,989574,Product Partner,12013.08,Closed Won,Closed Won,1772064000000000000
OPP-00627,CL-0134,PR-003,RM-001,2026-03-11,2026-05-07,4321495,Product Partner,76468.35,Prospecting,Open,
OPP-00628,CL-0098,PR-004,RM-018,2025-10-21,2026-04-07,575437,Product Partner,5022.64,Negotiation,Open,
OPP-00629,CL-0012,PR-002,RM-020,2025-10-20,2026-02-26,2341013,Relationship Coverage,46790.74,Closed Won,Closed Won,1774656000000000000
OPP-00630,CL-0053,PR-005,RM-017,2025-09-06,2026-05-10,3931890,Product Partner,62571.78,Prospecting,Open,
OPP-00631,CL-0138,PR-006,RM-015,2025-10-29,2026-06-26,6241305,Relationship Coverage,56679.09,Closed Lost,Closed Lost,1773273600000000000
OPP-00632,CL-0145,PR-006,RM-011,2026-01-03,2026-04-02,1122834,Product Partner,12169.53,Proposal,Open,
OPP-00633,CL-0122,PR-004,RM-025,2026-01-21,2026-03-13,4887370,Relationship Coverage,97611.4,Closed Won,Closed Won,1771718400000000000
OPP-00634,CL-0046,PR-006,RM-022,2025-09-30,2026-02-16,6876379,Inbound,100752.88,Negotiation,Open,
OPP-00635,CL-0064,PR-003,RM-013,2026-02-17,2026-01-28,9258304,Inbound,86293.21,Qualification,Open,
OPP-00636,CL-0130,PR-006,RM-001,2025-12-31,2026-06-25,6137774,Event,149426.71,Qualification,Open,
OPP-00637,CL-0054,PR-002,RM-017,2026-01-03,2026-05-26,7602132,Relationship Coverage,146740.16,Qualification,Open,
OPP-00638,CL-0107,PR-002,RM-006,2025-10-07,2026-03-14,1282499,Referral,30962.98,Prospecting,Open,
OPP-00639,CL-0051,PR-005,RM-004,2026-02-17,2026-06-20,4070888,Event,55128.38,Prospecting,Open,
OPP-00640,CL-0036,PR-001,RM-020,2026-01-02,2026-04-07,7980302,Inbound,115730.39,Prospecting,Open,
OPP-00641,CL-0115,PR-003,RM-016,2025-12-10,2026-05-28,7784504,Relationship Coverage,178725.24,Proposal,Open,
OPP-00642,CL-0026,PR-005,RM-015,2025-10-05,2026-05-15,2581348,Product Partner,40013.44,Commitment,Open,
OPP-00643,CL-0029,PR-003,RM-015,2025-11-26,2026-04-07,6815269,Referral,130482.27,Prospecting,Open,
OPP-00644,CL-0149,PR-001,RM-006,2026-01-12,2026-02-10,7449107,Inbound,74814.79,Prospecting,Open,
OPP-00645,CL-0011,PR-006,RM-015,2026-03-15,2026-04-04,3056284,Event,42587.88,Negotiation,Open,
OPP-00646,CL-0040,PR-006,RM-014,2025-09-18,2026-05-28,6822531,Relationship Coverage,50957.47,Qualification,Open,
OPP-00647,CL-0011,PR-001,RM-011,2025-12-22,2026-01-27,1391452,Referral,12689.49,Prospecting,Open,
OPP-00648,CL-0113,PR-005,RM-007,2025-09-29,2026-03-19,7066080,Relationship Coverage,35463.72,Prospecting,Open,
OPP-00649,CL-0039,PR-001,RM-009,2025-11-16,2026-06-10,5800560,Product Partner,33557.99,Closed Won,Closed Won,1771372800000000000
OPP-00650,CL-0054,PR-004,RM-016,2025-10-29,2026-04-04,1480796,Event,36347.14,Commitment,Open,
OPP-00651,CL-0098,PR-002,RM-005,2026-02-22,2026-05-17,363936,Relationship Coverage,3583.7,Qualification,Open,
OPP-00652,CL-0055,PR-005,RM-025,2026-01-04,2026-02-26,4460583,Inbound,81477.96,Negotiation,Open,
OPP-00653,CL-0111,PR-003,RM-020,2026-01-23,2026-04-13,7789769,Event,169676.7,Proposal,Open,
OPP-00654,CL-0150,PR-004,RM-010,2025-12-18,2026-06-11,4530428,Inbound,72546.69,Negotiation,Open,
OPP-00655,CL-0069,PR-005,RM-018,2025-09-22,2026-04-19,2683351,Relationship Coverage,21635.56,Negotiation,Open,
OPP-00656,CL-0056,PR-001,RM-003,2025-11-07,2026-06-14,2439063,Event,47713.75,Negotiation,Open,
OPP-00657,CL-0033,PR-001,RM-013,2025-11-08,2026-01-16,3069182,Inbound,52191.53,Qualification,Open,
OPP-00658,CL-0036,PR-001,RM-011,2026-02-12,2026-05-14,9632586,Product Partner,189039.61,Prospecting,Open,
OPP-00659,CL-0148,PR-001,RM-017,2025-10-19,2026-02-05,697244,Product Partner,14220.24,Proposal,Open,
OPP-00660,CL-0081,PR-003,RM-022,2026-01-19,2026-05-09,6502016,Relationship Coverage,159352.76,Closed Won,Closed Won,1771200000000000000
OPP-00661,CL-0109,PR-004,RM-013,2026-02-09,2026-03-12,9477535,Event,156107.0,Proposal,Open,
OPP-00662,CL-0073,PR-006,RM-006,2025-12-18,2026-03-27,8721414,Referral,103198.94,Commitment,Open,
OPP-00663,CL-0040,PR-002,RM-017,2025-11-25,2026-01-21,1528673,Event,27469.17,Closed Lost,Closed Lost,1767916800000000000
OPP-00664,CL-0017,PR-003,RM-013,2025-10-23,2026-05-13,5418638,Product Partner,34510.3,Prospecting,Open,
OPP-00665,CL-0129,PR-003,RM-019,2026-01-01,2026-05-08,4365741,Inbound,100184.79,Negotiation,Open,
OPP-00666,CL-0061,PR-006,RM-021,2025-11-26,2026-01-30,7028892,Referral,51926.78,Negotiation,Open,
OPP-00667,CL-0104,PR-006,RM-019,2026-02-26,2026-04-07,3707521,Relationship Coverage,42847.29,Closed Lost,Closed Lost,1768953600000000000
OPP-00668,CL-0042,PR-002,RM-010,2026-01-09,2026-03-27,4934013,Referral,105168.03,Closed Lost,Closed Lost,1772150400000000000
OPP-00669,CL-0025,PR-002,RM-003,2025-10-12,2026-05-18,5294829,Relationship Coverage,89727.48,Negotiation,Open,
OPP-00670,CL-0039,PR-006,RM-014,2025-12-07,2026-05-07,5933860,Referral,76384.86,Qualification,Open,
OPP-00671,CL-0035,PR-001,RM-019,2026-02-07,2026-01-26,2688710,Relationship Coverage,38902.17,Commitment,Open,
OPP-00672,CL-0131,PR-003,RM-005,2025-12-18,2026-05-20,9137120,Relationship Coverage,201847.64,Prospecting,Open,
OPP-00673,CL-0108,PR-005,RM-005,2025-10-21,2026-03-08,1017442,Referral,12005.9,Commitment,Open,
OPP-00674,CL-0102,PR-002,RM-020,2025-11-24,2026-03-30,8186627,Referral,183323.09,Closed Won,Closed Won,1772755200000000000
OPP-00675,CL-0098,PR-002,RM-017,2026-02-21,2026-05-27,9113886,Relationship Coverage,61634.37,Proposal,Open,
OPP-00676,CL-0012,PR-006,RM-021,2026-01-05,2026-02-10,2180440,Product Partner,44777.45,Negotiation,Open,
OPP-00677,CL-0019,PR-004,RM-010,2025-09-21,2026-06-03,9018201,Referral,197958.1,Proposal,Open,
OPP-00678,CL-0101,PR-005,RM-005,2025-10-14,2026-06-08,744955,Event,6433.69,Proposal,Open,
OPP-00679,CL-0044,PR-005,RM-004,2026-01-17,2026-05-28,5728878,Inbound,77952.45,Qualification,Open,
OPP-00680,CL-0049,PR-002,RM-006,2025-12-12,2026-04-21,5929487,Relationship Coverage,49274.01,Negotiation,Open,
OPP-00681,CL-0017,PR-001,RM-004,2025-11-07,2026-01-19,5090349,Relationship Coverage,97388.98,Closed Won,Closed Won,1772928000000000000
OPP-00682,CL-0074,PR-004,RM-007,2026-01-07,2026-03-12,1876528,Inbound,29474.54,Closed Won,Closed Won,1768089600000000000
OPP-00683,CL-0057,PR-005,RM-007,2025-12-01,2026-06-19,6346696,Product Partner,112377.56,Prospecting,Open,
OPP-00684,CL-0055,PR-002,RM-018,2026-03-10,2026-04-02,3164611,Inbound,28259.15,Commitment,Open,
OPP-00685,CL-0047,PR-005,RM-003,2025-09-24,2026-03-24,1558014,Referral,14388.13,Negotiation,Open,
OPP-00686,CL-0012,PR-004,RM-001,2026-01-03,2026-05-12,2497680,Inbound,14561.34,Qualification,Open,
OPP-00687,CL-0062,PR-004,RM-024,2026-01-19,2026-05-14,6839154,Relationship Coverage,78249.16,Prospecting,Open,
OPP-00688,CL-0080,PR-003,RM-025,2025-12-20,2026-03-14,3071839,Inbound,49748.1,Qualification,Open,
OPP-00689,CL-0083,PR-006,RM-004,2025-12-07,2026-02-16,548783,Event,12160.32,Closed Won,Closed Won,1768089600000000000
OPP-00690,CL-0008,PR-006,RM-006,2026-01-17,2026-03-17,3852571,Referral,70650.56,Negotiation,Open,
OPP-00691,CL-0149,PR-002,RM-009,2026-02-26,2026-03-05,8590960,Inbound,117764.25,Negotiation,Open,
OPP-00692,CL-0081,PR-004,RM-022,2025-09-17,2026-05-06,9776221,Relationship Coverage,235239.36,Qualification,Open,
OPP-00693,CL-0118,PR-003,RM-014,2025-12-08,2026-02-02,4129928,Referral,80058.26,Negotiation,Open,
OPP-00694,CL-0025,PR-003,RM-012,2025-11-21,2026-05-17,7289879,Relationship Coverage,172065.23,Prospecting,Open,
OPP-00695,CL-0089,PR-005,RM-025,2025-12-13,2026-03-02,2365226,Product Partner,36783.43,Qualification,Open,
OPP-00696,CL-0012,PR-005,RM-020,2026-01-30,2026-06-30,7212365,Event,73408.07,Negotiation,Open,
OPP-00697,CL-0143,PR-003,RM-024,2025-09-19,2026-02-16,1590683,Product Partner,9634.03,Prospecting,Open,
OPP-00698,CL-0059,PR-005,RM-025,2026-02-12,2026-06-04,3880400,Event,75751.99,Commitment,Open,
OPP-00699,CL-0109,PR-004,RM-004,2025-11-24,2026-04-08,6244602,Inbound,46372.79,Qualification,Open,
OPP-00700,CL-0026,PR-001,RM-021,2025-09-08,2026-05-29,3104119,Referral,34317.6,Negotiation,Open,
OPP-00701,CL-0047,PR-004,RM-024,2025-09-28,2026-04-03,2923705,Inbound,45754.28,Proposal,Open,
OPP-00702,CL-0032,PR-003,RM-012,2025-09-05,2026-01-28,6557517,Event,106811.01,Proposal,Open,
OPP-00703,CL-0010,PR-003,RM-010,2026-01-23,2026-06-10,3847170,Event,65446.76,Prospecting,Open,
OPP-00704,CL-0016,PR-004,RM-022,2025-12-10,2026-05-22,3555610,Event,29600.83,Prospecting,Open,
OPP-00705,CL-0145,PR-005,RM-007,2026-02-11,2026-03-09,9091830,Relationship Coverage,114509.31,Closed Won,Closed Won,1769817600000000000
OPP-00706,CL-0026,PR-005,RM-003,2025-12-27,2026-06-11,2338618,Referral,40560.72,Qualification,Open,
OPP-00707,CL-0086,PR-006,RM-023,2026-01-25,2026-02-12,7846537,Inbound,191427.08,Commitment,Open,
OPP-00708,CL-0135,PR-003,RM-014,2025-11-03,2026-02-07,7172972,Inbound,140250.42,Closed Lost,Closed Lost,1771632000000000000
OPP-00709,CL-0014,PR-002,RM-024,2025-11-30,2026-04-06,4650852,Product Partner,109072.13,Qualification,Open,
OPP-00710,CL-0079,PR-006,RM-010,2025-12-26,2026-03-18,7009991,Event,141911.95,Qualification,Open,
OPP-00711,CL-0117,PR-005,RM-016,2025-12-07,2026-04-29,2843157,Event,47862.67,Negotiation,Open,
OPP-00712,CL-0007,PR-004,RM-016,2025-09-11,2026-03-12,7308021,Event,64606.32,Closed Lost,Closed Lost,1773619200000000000
OPP-00713,CL-0137,PR-005,RM-022,2025-10-24,2026-05-30,6369922,Inbound,116784.32,Closed Won,Closed Won,1771977600000000000
OPP-00714,CL-0115,PR-004,RM-010,2026-02-20,2026-03-17,5825477,Product Partner,101757.05,Proposal,Open,
OPP-00715,CL-0072,PR-006,RM-025,2025-10-17,2026-06-20,7169879,Relationship Coverage,122242.02,Commitment,Open,
OPP-00716,CL-0059,PR-003,RM-013,2026-01-18,2026-01-31,8009080,Referral,118500.08,Prospecting,Open,
OPP-00717,CL-0082,PR-005,RM-006,2026-01-27,2026-03-21,6912064,Relationship Coverage,107642.49,Closed Lost,Closed Lost,1767744000000000000
OPP-00718,CL-0116,PR-004,RM-012,2026-01-17,2026-01-20,467314,Inbound,5462.36,Closed Lost,Closed Lost,1771891200000000000
OPP-00719,CL-0146,PR-003,RM-009,2025-09-05,2026-03-13,2885122,Event,44391.22,Prospecting,Open,
OPP-00720,CL-0103,PR-002,RM-013,2026-03-03,2026-03-24,5978394,Referral,53513.31,Qualification,Open,
OPP-00721,CL-0017,PR-004,RM-004,2025-09-20,2026-06-19,998692,Inbound,21075.88,Prospecting,Open,
OPP-00722,CL-0014,PR-006,RM-024,2026-02-16,2026-03-17,2632962,Inbound,22947.68,Qualification,Open,
OPP-00723,CL-0108,PR-002,RM-011,2025-10-16,2026-04-06,3716689,Inbound,24899.31,Commitment,Open,
OPP-00724,CL-0045,PR-002,RM-020,2025-09-12,2026-03-26,1864694,Referral,25592.78,Qualification,Open,
OPP-00725,CL-0098,PR-001,RM-018,2025-11-09,2026-05-25,9220512,Referral,167501.19,Prospecting,Open,
OPP-00726,CL-0131,PR-005,RM-011,2025-09-17,2026-01-24,4715669,Product Partner,64860.9,Qualification,Open,
OPP-00727,CL-0037,PR-004,RM-025,2025-12-24,2026-04-22,4131143,Product Partner,43521.93,Closed Lost,Closed Lost,1770940800000000000
OPP-00728,CL-0108,PR-002,RM-021,2026-01-25,2026-04-13,5161077,Relationship Coverage,83420.67,Negotiation,Open,
OPP-00729,CL-0039,PR-001,RM-004,2026-02-01,2026-02-18,2195537,Referral,26214.81,Proposal,Open,
OPP-00730,CL-0015,PR-006,RM-018,2025-10-18,2026-01-16,8191238,Referral,193783.02,Prospecting,Open,
OPP-00731,CL-0120,PR-003,RM-001,2025-12-17,2026-05-18,8716724,Referral,204432.48,Closed Lost,Closed Lost,1769817600000000000
OPP-00732,CL-0004,PR-004,RM-007,2025-10-22,2026-02-07,9022978,Product Partner,135772.69,Commitment,Open,
OPP-00733,CL-0093,PR-002,RM-006,2025-12-05,2026-03-29,3624659,Inbound,41892.65,Qualification,Open,
OPP-00734,CL-0141,PR-005,RM-015,2025-11-09,2026-06-29,769385,Event,15189.7,Prospecting,Open,
OPP-00735,CL-0016,PR-001,RM-018,2026-03-02,2026-02-05,1822138,Product Partner,10448.61,Prospecting,Open,
OPP-00736,CL-0108,PR-002,RM-024,2025-12-11,2026-06-17,5430703,Referral,78720.1,Prospecting,Open,
OPP-00737,CL-0126,PR-005,RM-011,2025-11-14,2026-02-22,476256,Product Partner,5584.8,Proposal,Open,
OPP-00738,CL-0055,PR-002,RM-020,2026-02-08,2026-06-20,7103878,Relationship Coverage,166306.88,Closed Won,Closed Won,1768867200000000000
OPP-00739,CL-0034,PR-004,RM-024,2026-03-09,2026-02-03,9059147,Referral,47470.48,Proposal,Open,
OPP-00740,CL-0013,PR-004,RM-015,2026-01-29,2026-02-24,8099453,Relationship Coverage,130047.23,Commitment,Open,
OPP-00741,CL-0141,PR-004,RM-016,2026-01-21,2026-06-11,6744290,Referral,133626.45,Proposal,Open,
OPP-00742,CL-0018,PR-006,RM-007,2026-02-02,2026-05-02,3623307,Product Partner,53263.92,Negotiation,Open,
OPP-00743,CL-0096,PR-006,RM-021,2026-03-11,2026-06-10,800242,Inbound,5368.07,Negotiation,Open,
OPP-00744,CL-0123,PR-001,RM-010,2026-02-26,2026-04-08,7251837,Event,177301.81,Prospecting,Open,
OPP-00745,CL-0039,PR-004,RM-012,2026-02-28,2026-05-05,3747831,Relationship Coverage,57567.47,Qualification,Open,
OPP-00746,CL-0046,PR-005,RM-024,2025-11-21,2026-03-21,3098439,Product Partner,53552.57,Negotiation,Open,
OPP-00747,CL-0029,PR-002,RM-014,2025-12-01,2026-06-21,6228106,Inbound,60613.15,Prospecting,Open,
OPP-00748,CL-0062,PR-003,RM-025,2026-02-26,2026-03-08,8315819,Product Partner,121992.75,Qualification,Open,
OPP-00749,CL-0016,PR-005,RM-005,2026-02-22,2026-02-17,8583920,Relationship Coverage,116595.3,Proposal,Open,
OPP-00750,CL-0121,PR-006,RM-021,2025-09-04,2026-06-13,8370766,Event,54392.54,Closed Lost,Closed Lost,1767571200000000000
